,0
0,Känozoikum
1,Astronomische
2,Sommermaximums
3,Klimaschwankungen
4,Kreidezeit
5,Vulkanische
6,Eisbedeckung
7,Magmaausflüsse
8,Keeling-Kurve
9,Latifː
10,Warmklima
11,Keeling
12,Klimaverlauf
13,Oxidationsvorgangs
14,Pinatubo
15,Superkontinent
16,Meeresspiegels
17,Zeitskala
18,Sedimentbohrkerne
19,Erdsystem-Klimasensitivität
20,Fachjournale
21,Kohlenstoffkreislauf
22,CO2-Konzentration
23,Aktivitätsphasen
24,"Mittelwert=1,0"
25,Methankonzentration
26,Erdneuzeit
27,Lachgas
28,Dauerfrostklima
29,Supervulkans
30,Kratone
31,Hauptbestandteilen
32,Klimaänderung
33,Massenaussterben
34,Dropstones
35,Landmassen
36,Sauerstoffreduzierung
37,Multiproxy-Auswertungen
38,Erwärmungsspitze
39,CO2-Emissionen.Der
40,Klimawandel
41,Potsdam-Institut
42,ISSN
43,Faktenlage
44,Kontinentalplatten
45,CO2-Anteilen
46,Klimasystematik
47,Eiskappen
48,Sauerstoffverknappung
49,Erdmagnetfelds
50,Planetenoberfläche
51,Erd-
52,Toba-Explosion
53,Quartärs
54,Hauptinsel
55,Manteldiapire
56,Wasserdampf-Rückkopplung
57,Kerngebiete
58,Hauptphase
59,Marinoischen
60,Hans-Joachim
61,Insolation
62,Schwermetallbelastung
63,Meeresströmung
64,Industriezeitalters
65,Geology
66,Klimafluktuationen
67,Erdaltertum
68,Aerosole
69,Gasgemisch
70,Pleistozän
71,Hauptfaktoren
72,Wasser-
73,Klimas
74,Supertreibhaus-Phase
75,Großzyklus
76,Klimatologie
77,Laurussia
78,Westindien
79,Abtauchen
80,Gletscherbildungen
81,Anthropogene
82,Kohlenstoffdioxid-
83,Erwärmungsphase
84,Wald-
85,Meerwasservolumens
86,Verwitterungs-
87,Säuberungsmechanismen
88,Proton-Proton-Reaktion
89,CO2-Äquivalentwert
90,Abkühlungstendenz
91,Kontinentalplatte
92,Plattenkonvergenz.Eine
93,Milanković
94,Karoo-Eiszeit
95,Luftsäule
96,Klimawandels
97,Dunstnebels.S
98,Nordatlantische
99,Warm-
100,Landmassenanteil
101,Planetary
102,Auswaschung
103,Wasserdampfgehalt
104,Stratocumuluswolken
105,Phytoplankton
106,Tilliten
107,Meeres­strömungen
108,Uratmosphäre
109,Oberflächentemperatur
110,Kippelemente
111,Südpolarmeer
112,Erdrotationsachse
113,"Mittelwert=3,7"
114,Wasserkreislaufs
115,Klimazeugnisse
116,Geological
117,Linkː
118,Kaltzeitphasen
119,CO2-Levels
120,Eisschildes
121,Phanerozoikum
122,Permokarbone
123,Schwimmfarn
124,Dansgaard-Oeschger-Ereignissen
125,Eruptionen
126,Pennsylvanium
127,Climates
128,Stationsnetz
129,Juras
130,Methangehalt
131,Archaikum
132,Luftschichten
133,Erdsystem
134,CO2-Reduktion
135,Raumflugmissionen
136,Cenomanium-Turonium-Grenze
137,Interglaziale
138,Sonnenflecken
139,Faltengebirgen
140,Großbrände
141,Laki-Kraters
142,Albedo
143,Paläozoikums
144,Groß-
145,Zirkulationsmuster
146,IPCC
147,Erwärmungsprozesses
148,Abkühlungsprozess
149,Südhemisphäre
150,Eruption
151,Aerosolen
152,Obertrias
153,Schwarzschiefer-Sedimenten
154,Klimafaktoren
155,Datenreihen
156,Meereszonen
157,Großprovinzen
158,Hauptreihenstern
159,Croll
160,Diamiktit
161,Paläozäns
162,Gas-zu-Partikel-
163,Treibhauspotential
164,Kalt-
165,Wanner
166,Gondwana
167,Spiralarmdurchgängen
168,Klimawechsel
169,Eisschilden
170,Sibirischen
171,Kollisionstheorie
172,Huronische
173,Sonnensystem.Allerdings
174,Plattentektonik
175,Zwischeneiszeiten
176,Klima-Konsortiums
177,Ludwig-Maximilians-Universität
178,Erdklimasystem
179,Zyklische
180,Oberkreide
181,Helmholtz-Zentrum
182,Chlorwasserstoff
183,Gesamtwirkung
184,Marstopographie
185,Glazialphasen
186,Temperaturwerte
187,Kontinentalklima
188,Tyndall
189,Dwyka-Glazials
190,Massensterben.Das
191,Kalibrationskurve
192,Rückkopplungen
193,Meller
194,Klimagewalten
195,Gasriesen
196,Vulkanausbrüche
197,Asteroideneinschlag
198,Eoarchaikums
199,Schelfmeere
200,Eiszeitalter
201,Warmphasen
202,Zentralanstalt
203,Paleoclimates
204,Stoffwechselprodukten
205,Landpflanzen
206,Umweltflucht
207,Marsatmosphäre
208,ISBN
209,Flussdeltas
210,Exzentrizität
211,ZDF-Mediathek
212,Clausius-Clapeyron-Gleichung
213,Stillstandsphase
214,Orbitalparametern
215,Konzentrationspfad
216,Klumpen-zu-Partikel-Umwandlung
217,Crolls
218,Jochem
219,Vereisungen
220,Einfallswinkel
221,Rückkopplungsprozesse
222,Kaltwasser
223,Klimaanzeiger
224,Themen-Special
225,Hauptaktivität
226,CO2-Emissionen
227,Warmzeiten
228,Pliozäns
229,Warnecke
230,Rückkopplungs­prozesse
231,Durchschnittstemperaturen
232,Treibende
233,CO2-Werte
234,Sulfide
235,Perm
236,Sonnenwindes
237,Klimasystem
238,Mittelozeanischer
239,Climateactiontracker
240,Kaltzeiten
241,Igneous
242,West-
243,Klimaoptimums
244,Misox-Schwankung
245,Meereisflächen
246,Methan-Anteile
247,Inkohlungsprozessen
248,Online-Kurs
249,Mittagssonne
250,Schmelzwasser-Eintrag
251,Ordovizische
252,Klimadynamik
253,Phanerozoikums
254,Sonnenkern
255,Schwefelwasserstoff
256,Klimata
257,Strahlungsantrieb
258,Vegetationsbedeckung
259,Känozoischen
260,Elsevier
261,Vulkankegel
262,Holozäns
263,Fluktuationen
264,Hochgebirgskette
265,Baptiste
266,Einflussgrößen
267,Vegetationsrückgang
268,Hooke
269,Verbindung.Bekannte
270,Nordhemisphäre
271,Höhenstrahlung
272,Großkontinents
273,Solarkonstante
274,Wärmeaustausch
275,Einstrahlung
276,Cronin
277,Eis-Albedo-Rückkopplung
278,Monsun
279,Interglazial
280,Artensterben
281,Klimaoptimum
282,Klimasensitivität
283,Erdmittelalter
284,Antique
285,Treibhauseffekt
286,Carbonaten
287,Strahlungsbilanz
288,Kernphase
289,Kohlenstoffdioxid
290,Sauerstoffmengen
291,Vereisungsprozessse
292,Abflussrinnen
293,Pangaea
294,Klimafaktor
295,Wasserdampfgehaltes
296,Pessimum
297,Auswurfmenge
298,Ausfällung
299,Globaltemperatur
300,Eisschilde
301,Dekkan-Trapp
302,Durchschnittstemperatur
303,Mesozoikum
304,Sonnenaktivität
305,Schellnhuber
306,Streif
307,Heliosphäre
308,Erdachse
309,Suess-
310,Calderen
311,Pflanzendecke
312,Lithosphäre
313,Anden-Sahara-Eiszeit
314,Steinkohlenzeit
315,Factor
316,C14-Methode
317,Klimazustand
318,Flutbasalt-Vulkanismus
319,Habitaten
320,Treibhausgas
321,Waltham
322,Nahtstellen
323,Landmasse
324,Erdsphären
325,Antriebsmotor
326,Flutbasalt-Ausflüsse
327,Kohlenstoffzyklus
328,Hemisphären
329,Schwefelhexafluorid
330,Unterkreide
331,Eozäne
332,Theiss
333,Erdumlaufbahn
334,Quaternary
335,US-amerikanische
336,DOIː
337,Superkontinente
338,Spracheː
339,Strahlungseinflüssen
340,Supereruptionen
341,Strahlungsantriebs
342,Wodniok
343,Klimagas-Emissionen
344,Einflussfaktor
345,Antarktika
346,Exzentrizitätszyklus
347,Bray-Zyklus
348,Gefährdungspotenziale
349,Buggisch
350,Klimaänderungen
351,Meerwassers
352,Kälteeinbruch
353,Devons
354,Sturtischen
355,Gift-
356,Quartärforschung
357,Kontinentalschilde
358,Erwärmungen
359,Hangenberg-Ereignis
360,Paläozän
361,Gleißberg-Zyklus
362,Klimawiki
363,Informationsportal
364,Pálfy
365,Meere.Das
366,Provinces
367,Feedbacks
368,Höhenströmungen
369,Methanbildner
370,Impaktserie
371,Boenigk
372,Umweltkrisen
373,MeteoSchweiz
374,Radien
375,Klimaschutzmaßnahmen
376,Kaltzeitzyklen
377,Klimapessimum
378,Academic
379,Atmosphärenwissenschaften
380,Eozän-Oligozän-Grenze
381,Klimazone
382,Vereisungsphase
383,Kaltphasen
384,Kambrium
385,Theia
386,Jahrmilliarden
387,Großkontinent
388,Einflussgröße
389,Aussterbewellen
390,Abtragung
391,Karbon
392,Paläoproterozoische
393,Proterozoikum
394,Mojib
395,Tierstämme
396,Ausgasungen
397,Treibhauswirkung
398,Ordovizischen
399,Rheinland-Pfalz
400,CO2-Ausstoß
401,Klima
402,Wefer
403,Helmholtz-Gemeinschaft
404,Nordatlantiks
405,Erwärmungsspirale
406,Christian-Dietrich
407,Lufthülle
408,Hale-Zyklus
409,CO2-Äquivalent
410,Protostern
411,Zeitverlauf
412,Kohlenstoffbindung
413,Klimazustands
414,Nordatlantikraum
415,Achsneigung
416,Archaikums
417,Eozän
418,Erwärmungszunahme
419,Klimafaktorː
420,Experimentieranleitungen
421,Redaktionskomitee
422,Energiewandlung
423,Kaltzeit
424,Klimawandel-Ereignisse
425,CO2-Gehalt
426,CO2-Level
427,Nordpolarregion
428,Hirnantiums
429,Treibhausgas-Emissionen
430,Witterungsverläufen
431,Meeresschichten
432,Känozoikums
433,Referenzwerke
434,Ordovizium
435,Abtragungsprozesse
436,Schweizerbart
437,Paläozän/Eozän-Temperaturmaximums
438,Aktivitätsperioden
439,Kambrischen
440,Antarktischen
441,Minimaperioden
442,Geodynamik
443,Palaeoclimatology
444,Erwärmungsphasen
445,Globalklima
446,Dauerhafte
447,Rauch-
448,Sonnenwärme
449,Tambora
450,Aerosolkonzentrationen
451,Sauerstoff-
452,Einzelnachweise
453,Paläoklimatologie
454,Pliozän
455,Temperaturkorridor
456,Hypoxie
457,Wärmeanomalie
458,Klimaschutz
459,PETM
460,Erdhülle
461,Flutbasalten
462,Erscheinungsweiseː
463,Klimaabschnitte
464,Meeresstraßen
465,Rückkopplungsglieder
466,Thermohaline
467,Marotzke
468,Ruddimann
469,Svante
470,Zirkumpolarstrom
471,Treibhausphase
472,Abkühlungsphase
473,Distickstoffmonoxid
474,Kontinentaldrift
475,Geoscience
476,Laste
477,Abrupte
478,Umweltdatensatz
479,Glazialperioden
480,Klimaanomalie
481,Petschel-Held
482,Kohlenstoffdioxid-Eintrag
483,DeVries-Effekt
484,Hotspots
485,Periodizität
486,Methanverknappung
487,Schwabe-Zyklus
488,Festlandsbereiche
489,Protoplaneten
490,Feedbackprozess
491,Miozän
492,Treibhauseffekts
493,Festlandsvereisung
494,Verlagː
495,Superplume-Aktivitäten
496,Krustengesteine
497,Rückstrahlvermögen
498,Hirnantische
499,Paläoklimatischer
500,Klimageschichte
501,Wärmeoptimum
502,Megavulkanismus
503,Kohlenstoffkreislaufs
504,Wärmeperioden
505,Hektopascal
506,Kellwasser-
507,Palaeo3
508,Past
509,Erdbahn
510,Schwefeldioxid-
511,Tephra
512,Erklärungsansätzen
513,Otto
514,Meeresspiegelschwankungen
515,Gebirgsketten
516,Abkühlungstrend
517,Milanković-Zyklen
518,Temperaturzunahme
519,Maxima-
520,Niño
521,Nord-
522,Großkontinente
523,Yellowstone-Nationalpark
524,Columbia-Plateaubasalt
525,Galoppierenden
526,Wiedereinbindung
527,Methanhydrat
528,Wolkenbildung
529,Mesozoikums
530,Subduktion
531,ENSO
532,Hallstatt-
533,Carbonat-Silicat-Zyklus
534,Permokarbonen
535,Erdsystems
536,Carbonylsulfid
537,Milutin
538,Kreide-Paläogen-Grenze
539,Versauerung
540,Klimaveränderung
541,Temperaturerhöhung
542,Supervulkanen
543,Ozeanographie
544,Erdbahnparametern
545,Radionuklide
546,Artenschwund
547,Abgerufen
548,Sauerstoffzunahme
549,Köppen
550,József
551,Netteoeffekt
552,Auffaltung
553,Umkippen
554,Puttkammer
555,Trümmerstücke
556,Paleoclimatology
557,Koagulation
558,Magmatische
559,Handlungsanregungen
560,Quartären
561,Verwitterung
562,Dokumentenserver
563,Erdklimasystems
564,Hadaikums
565,Magnetfelds
566,Rahmstorf
567,Universalgelehrten
568,Temperaturniveau
569,Erdsatelliten
570,Klimazustände
571,Warmzeit
572,Hertzsprung-Russell-Diagramm
573,Gesamtstrahlung
574,Antarktische
575,Eustasie
576,Heraeus-Stiftung
577,US-amerikanischen
578,Klimaveränderungen
579,Präkambriums
580,Max-Planck-Gesellschaft
581,Vegetationsausbreitung
582,Perms
583,Glazialeustasie
584,Klimawandel-Ereignissen
585,Treibhausgase
586,YouTube
587,Jahres-Temperaturamplitude
588,Verwitterungsgestein
589,Faunenbereich
590,Reconstructing
591,Bundesumweltamt
592,Bestrahlungsanteil
593,Periodisch
594,Schwankungsbreite
595,Klimamodell
596,Drakestraße
597,Kaltzeitbedingungen
598,Holozänen
599,Taupō
600,Fehlinterpretationen
601,Klimawandel-Schule.de
602,Warmklima-Entwurf
603,Erdmantel
604,CO2-Eintrag
605,Nordatlantischen
606,Magmakammer
607,Kohlenstoffsenke
608,Paläozän/Eozän-Temperaturmaximum
609,Bloh
610,Abschmelzen
611,Erosions-
612,Sauerstoffkatastrophe
613,Tiefstwert
614,Klimakatastrophe
615,Umweltgesamtrechnungen
616,Schneeball-Erde-Ereignissen
617,Strahlungsintensität
618,Klimawechseln
619,Eiszeitalters
620,Klimanavigator
621,Analysezeitraum
622,Vegetationszonen
623,Erdmantels
624,Hadaikum
625,Pierrehumbert
626,Trapps
627,Wärmeanomalien
628,Klimasystems
629,Klimaoszillation
630,Zeitskalen
631,Entstehungsprozess
632,Bildungsprogramm
633,Arrhenius
634,Hauptzyklen
635,Emissionsstopp
636,Gerinnung
637,Wärmeinhalt
638,Intergovernmental
639,Cyanobakterien
640,Abkühlungsphasen
641,Temperaturrückgang
642,Präzession
643,Sammelportale
644,Zwischenstaatliche
645,Kausalzusammenhang
646,Verwitterungsprozesse
647,Sauerstoffdefizite
648,Temperaturentwicklung
649,Wyoming
650,Flächenbrände
651,Berlin/Heidelberg
652,Methan-Anteilen
653,Großprovinz
654,Fossilfunde
655,Maunder-Minimum
656,Festlandsbarriere
657,Vulkanexplosivitätsindex
658,Sumbawa
659,Palaeogeography
660,Kaltzeitperioden
661,Gondwanas
662,Vereisung
663,Gigatonnen
664,Zwischeneiszeit
665,Klimaschwankung
666,Maastrichtium
667,Vergletscherung
668,Oberdevon
669,Orogenese
670,Kohlenstoffdioxid-Konzentration
671,Eisenverbindungen
672,Treibhausgasen
673,Migrationsbewegungen
674,Klimaforscher
675,Holozän
676,Oszillation
677,Alpidische
678,Dansgaard-Oeschger-Ereignisse
679,Edelgasen
680,Germann
681,W/m²
682,Kohlenstoffeintrag
683,Erwärmungsprozess
684,Faint
685,Oligozäns
686,Taalas
687,Trias-Jura-Grenze
688,Oberkarbon
689,Wüstengebiete
690,Unterscheidungsmerkmal
691,Archaeen
692,Temperaturwerten
693,Starkwindbänder
694,Ozeanbeckenvolumens
695,Höhepunkts
696,Maunder
697,Erdbahnparameter
698,Lithosphärenplatten
699,Oscillation
700,Karbons
701,Sibirische
702,Klimakrise
703,Strahlungsleistung
704,Megatonnen
705,Mittleres
706,Zentralatlantischen
707,Geophysical
708,Tropfen-zu-Partikel-
709,Klimagase
710,Supervulkane
711,Klima­wandels
712,Rückstrahlvermögens
713,Meeresströmungen
714,Kambriums
715,Paläozoikum
716,Impaktereignisses
717,Trocken-
718,Azolla-Ereignis
719,Petteri
720,Wetterlagen
721,Treibhausgas-Konzentration
722,Eisschilds
723,VEI-8
724,Magmatischen
725,Miozäns
726,Buchal
727,Flutbasalt-Freisetzung
728,Emissionsentwicklung
729,Schönwiese
730,Vergletscherungen
731,Paläobiologie
732,Klimafolgenforschung
733,Perm-Trias-Grenze
734,Silur
735,Proxys
736,Klimaentwicklung
737,Tracker
738,Azolla
739,Herausgeberː
740,Fusionsprozess
741,Missernten
742,Beryllium-Isotops
743,Palaeoecology
744,Pilzformen
745,Plattengrenzen
746,Nettoeffekt
747,Kirschvink
