speaker,party,unique_speaker
Abgeordnete Dr. Dagmar Belakowitsch,FPÖ,Abgeordnete Dr. Dagmar Belakowitsch
Abgeordneter Mag. Markus Koza,Grüne,Abgeordneter Mag. Markus Koza
Abgeordneter Michael Bernhard,NEOS,Abgeordneter Michael Bernhard
"Abgeordnete Elisabeth Feichtinger, BEd BEd (SPÖ)",SPÖ,"Abgeordnete Elisabeth Feichtinger, BEd BEd"
Abgeordnete MMMag. Gertraud Salzmann,ÖVP,Abgeordnete MMMag. Gertraud Salzmann
Abgeordnete Edith Mühlberghuber,FPÖ,Abgeordnete Edith Mühlberghuber
Abgeordnete Barbara Neßler,Grüne,Abgeordnete Barbara Neßler
Abgeordnete Mag. Martina Künsberg Sarre (NEOS),NEOS,Abgeordnete Mag. Martina Künsberg Sarre
Abgeordnete Pia Philippa Strache,FPÖ,Abgeordnete Pia Philippa Strache
Abgeordnete Katharina Kucharowits,SPÖ,Abgeordnete Katharina Kucharowits
"Abgeordnete Eva-Maria Himmelbauer, BSc",ÖVP,"Abgeordnete Eva-Maria Himmelbauer, BSc"
Abgeordneter Ing. Reinhold Einwallner (SPÖ),SPÖ,Abgeordneter Ing. Reinhold Einwallner
Abgeordneter Mag. Georg Bürstmayr (Grüne),Grüne,Abgeordneter Mag. Georg Bürstmayr
Abgeordnete Katharina Kucharowits (SPÖ),SPÖ,Abgeordnete Katharina Kucharowits
Abgeordnete Mag. Johanna Jachs,ÖVP,Abgeordnete Mag. Johanna Jachs
Abgeordnete Mag. Faika El-Nagashi (Grüne),Grüne,Abgeordnete Mag. Faika El-Nagashi
Abgeordnete Dr. Stephanie Krisper (NEOS),NEOS,Abgeordnete Dr. Stephanie Krisper
Abgeordneter Mag. Ernst Gödl (ÖVP),ÖVP,Abgeordneter Mag. Ernst Gödl
Abgeordneter Andreas Minnich (ÖVP),ÖVP,Abgeordneter Andreas Minnich
"Abgeordnete Elisabeth Feichtinger, BEd BEd",SPÖ,"Abgeordnete Elisabeth Feichtinger, BEd BEd"
Abgeordneter Mag. Philipp Schrangl,FPÖ,Abgeordneter Mag. Philipp Schrangl
Abgeordneter David Stögmüller,Grüne,Abgeordneter David Stögmüller
Abgeordneter Hermann Gahr,ÖVP,Abgeordneter Hermann Gahr
"Abgeordneter Mag. Hannes Amesbauer, BA",FPÖ,"Abgeordneter Mag. Hannes Amesbauer, BA"
Abgeordneter Karl Mahrer,ÖVP,"Abgeordneter Karl Mahrer, BA"
Abgeordnete Dr. Susanne Fürst,FPÖ,Abgeordnete Dr. Susanne Fürst
Abgeordneter Mag. Friedrich Ofenauer,ÖVP,Abgeordneter Mag. Friedrich Ofenauer
Abgeordneter Mag. Christian Drobits,SPÖ,Abgeordneter Mag. Christian Drobits
Abgeordnete Mag. Agnes Sirkka Prammer,Grüne,Abgeordnete Mag. Agnes Sirkka Prammer
Abgeordneter Dr. Johannes Margreiter,NEOS,Abgeordneter Dr. Johannes Margreiter
Abgeordnete Dr. Susanne Fürst (FPÖ),FPÖ,Abgeordnete Dr. Susanne Fürst
Abgeordneter Mag. Wolfgang Gerstl (ÖVP),ÖVP,Abgeordneter Mag. Wolfgang Gerstl
Abgeordneter Johann Singer (ÖVP),ÖVP,Abgeordneter Johann Singer
Abgeordneter Mag. Gerald Hauser (FPÖ),FPÖ,Abgeordneter Mag. Gerald Hauser
Abgeordneter Dipl.-Ing. Georg Strasser (ÖVP),ÖVP,Abgeordneter Dipl.-Ing. Georg Strasser
Abgeordneter Alois Kainz (FPÖ),FPÖ,Abgeordneter Alois Kainz
Abgeordnete Cornelia Ecker (SPÖ),SPÖ,Abgeordnete Cornelia Ecker
Abgeordnete Dipl.-Ing. Olga Voglauer (Grüne),Grüne,Abgeordnete Dipl.-Ing. Olga Voglauer
Abgeordnete Dipl.-Ing. Karin Doppelbauer,NEOS,Abgeordnete Dipl.-Ing. Karin Doppelbauer
"Bundesministerin für Landwirtschaft, Regionen und Tourismus Elisabeth Köstinger",ÖVP,Abgeordnete Elisabeth Köstinger
Abgeordneter Johannes Schmuckenschlager,ÖVP,Abgeordneter Johannes Schmuckenschlager
Abgeordneter Clemens Stammler (Grüne),Grüne,Abgeordneter Clemens Stammler
Abgeordneter Dipl.-Ing. Nikolaus Berlakovich (ÖVP),ÖVP,Abgeordneter Dipl.-Ing. Nikolaus Berlakovich
Abgeordneter Dietmar Keck,SPÖ,Abgeordneter Dietmar Keck
Abgeordneter Mag. Gerald Hauser,FPÖ,Abgeordneter Mag. Gerald Hauser
Abgeordneter Franz Leonhard Eßl (ÖVP),ÖVP,Abgeordneter Franz Leonhard Eßl
Abgeordnete Martina Diesner-Wais,ÖVP,Abgeordnete Martina Diesner-Wais
"Abgeordneter Ing. Klaus Lindinger, BSc",ÖVP,"Abgeordneter Ing. Klaus Lindinger, BSc"
Abgeordneter Franz Hörl,ÖVP,Abgeordneter Franz Hörl
Abgeordneter Josef Muchitsch,SPÖ,Abgeordneter Josef Muchitsch
Abgeordneter Laurenz Pöttinger,ÖVP,Abgeordneter Laurenz Pöttinger
Abgeordneter Josef Muchitsch (SPÖ),SPÖ,Abgeordneter Josef Muchitsch
"Abgeordnete Fiona Fiedler, BEd",NEOS,"Abgeordnete Fiona Fiedler, BEd"
Bundesminister für Arbeit Mag. Dr. Martin Kocher,Parteilos,"Bundesminister für Arbeit, Familie und Jugend Mag. Dr. Martin Kocher"
Abgeordnete Bettina Zopf,ÖVP,Abgeordnete Bettina Zopf
Abgeordnete Gabriele Heinisch-Hosek (SPÖ),SPÖ,Abgeordnete Gabriele Heinisch-Hosek
Abgeordnete Barbara Neßler (Grüne),Grüne,Abgeordnete Barbara Neßler
Abgeordnete Petra Wimmer (SPÖ),SPÖ,Abgeordnete Petra Wimmer
"Abgeordneter Alois Stöger, diplômé",SPÖ,"Abgeordneter Alois Stöger, diplômé"
Abgeordnete Rebecca Kirchbaumer,ÖVP,Abgeordnete Rebecca Kirchbaumer
Abgeordneter Mag. Christian Ragger,FPÖ,Abgeordneter Mag. Christian Ragger
Abgeordneter Mag. Gerald Loacker,NEOS,Abgeordneter Mag. Gerald Loacker
"Abgeordneter Alois Stöger, diplômé (SPÖ)",SPÖ,"Abgeordneter Alois Stöger, diplômé"
Abgeordneter Franz Hörl (ÖVP),ÖVP,Abgeordneter Franz Hörl
Abgeordnete Tanja Graf,ÖVP,Abgeordnete Tanja Graf
Abgeordneter Peter Wurm,FPÖ,Abgeordneter Peter Wurm
Abgeordneter Kai Jan Krainer (SPÖ),SPÖ,Abgeordneter Kai Jan Krainer
Abgeordneter Mag. Andreas Hanger (ÖVP),ÖVP,Abgeordneter Mag. Andreas Hanger
Abgeordnete Dipl.-Ing. Karin Doppelbauer (NEOS),NEOS,Abgeordnete Dipl.-Ing. Karin Doppelbauer
Abgeordnete Dr. Elisabeth Götze,Grüne,Abgeordnete Dr. Elisabeth Götze
"Bundesminister für Finanzen Dr. Magnus Brunner, LL.M.",ÖVP,"Dr. Magnus Brunner, LL.M."
Abgeordnete Angela Baumgartner,ÖVP,Abgeordnete Angela Baumgartner
"Abgeordneter Mag. Dr. Jakob Schwarz, BA",Grüne,"Abgeordneter Mag. Dr. Jakob Schwarz, BA"
Abgeordneter MMag. DDr. Hubert Fuchs,FPÖ,Abgeordneter MMag. DDr. Hubert Fuchs
Abgeordnete Mag. Sibylle Hamann,Grüne,Abgeordnete Mag. Sibylle Hamann
Abgeordnete Mag. Selma Yildirim,SPÖ,Abgeordnete Mag. Selma Yildirim
Abgeordneter Gabriel Obernosterer,ÖVP,Abgeordneter Gabriel Obernosterer
Abgeordneter Dr. Christoph Matznetter (SPÖ),SPÖ,Abgeordneter Dr. Christoph Matznetter
Abgeordneter Erwin Angerer (FPÖ),FPÖ,Abgeordneter Erwin Angerer
Abgeordnete Dipl.-Kffr. (FH) Elisabeth Pfurtscheller,ÖVP,Abgeordnete Dipl.-Kffr. (FH) Elisabeth Pfurtscheller
"Abgeordnete Melanie Erasim, MSc",SPÖ,"Abgeordnete Melanie Erasim, MSc"
"Bundesministerin für Klimaschutz, Umwelt, Energie, Mobilität, Innovation und Technologie Leonore Gewessler, BA",Grüne,"Abgeordnete Leonore Gewessler, BA"
Abgeordneter Dipl.-Ing. Gerhard Deimek,FPÖ,Abgeordneter Dipl.-Ing. Gerhard Deimek
"Abgeordneter Hermann Weratschnig, MBA MSc",Grüne,"Abgeordneter Hermann Weratschnig, MBA MSc"
"Abgeordneter Christian Hafenecker, MA",FPÖ,"Abgeordneter Christian Hafenecker, MA"
Abgeordneter Maximilian Lercher,SPÖ,Abgeordneter Maximilian Lercher
Abgeordneter Andreas Ottenschläger,ÖVP,Abgeordneter Andreas Ottenschläger
Abgeordneter Gabriel Obernosterer (ÖVP),ÖVP,Abgeordneter Gabriel Obernosterer
"Abgeordnete Dr. Pamela Rendi-Wagner, MSc",SPÖ,"Abgeordnete Dr. Pamela Rendi-Wagner, MSc"
Bundeskanzler Sebastian Kurz,ÖVP,Sebastian Kurz
Abgeordneter Rainer Wimmer,SPÖ,Abgeordneter Rainer Wimmer
Abgeordneter August Wöginger (ÖVP),ÖVP,Abgeordneter August Wöginger
Abgeordneter Karlheinz Kopf,ÖVP,Abgeordneter Karlheinz Kopf
Abgeordneter Mag. Gerald Loacker (NEOS),NEOS,Abgeordneter Mag. Gerald Loacker
Abgeordnete Julia Elisabeth Herr (SPÖ),SPÖ,Abgeordnete Julia Elisabeth Herr
"Abgeordnete Martina Kaufmann, MMSc BA",ÖVP,"Abgeordnete Martina Kaufmann, MMSc BA"
Abgeordneter Michael Schnedlitz,FPÖ,Abgeordneter Michael Schnedlitz
"Bundesministerin für Arbeit, Familie und Jugend Mag. (FH) Christine Aschbacher",ÖVP,"Bundesministerin für Arbeit, Familie und Jugend Mag. (FH) Christine Aschbacher"
Abgeordneter Klaus Köchl (SPÖ),SPÖ,Abgeordneter Klaus Köchl
Abgeordnete Dr. Gudrun Kugler,ÖVP,Abgeordnete Dr. Gudrun Kugler
Abgeordneter Herbert Kickl (FPÖ),FPÖ,Abgeordneter Herbert Kickl
"Bundesminister für Inneres Karl Nehammer, MSc",ÖVP,"Karl Nehammer, MSc"
Abgeordneter Mag. Jörg Leichtfried,SPÖ,Abgeordneter Mag. Jörg Leichtfried
Abgeordneter Mag. Georg Bürstmayr,Grüne,Abgeordneter Mag. Georg Bürstmayr
"Abgeordneter Dr. Nikolaus Scherak, MA (NEOS)",NEOS,"Abgeordneter Dr. Nikolaus Scherak, MA"
Abgeordnete Mag. Michaela Steinacker,ÖVP,Abgeordnete Mag. Michaela Steinacker
Abgeordnete Sabine Schatz,SPÖ,Abgeordnete Sabine Schatz
Abgeordneter David Stögmüller (Grüne),Grüne,Abgeordneter David Stögmüller
Abgeordnete Dr. Stephanie Krisper,NEOS,Abgeordnete Dr. Stephanie Krisper
Abgeordnete Petra Steger,FPÖ,Abgeordnete Petra Steger
Abgeordneter Mag. Wolfgang Gerstl,ÖVP,Abgeordneter Mag. Wolfgang Gerstl
Abgeordnete Nurten Yılmaz,SPÖ,Abgeordnete Nurten Yılmaz
Abgeordnete Mag. Eva Blimlinger,Grüne,Abgeordnete Mag. Eva Blimlinger
Abgeordneter Mag. Felix Eypeltauer (NEOS),NEOS,Abgeordneter Mag. Felix Eypeltauer
Abgeordneter Dr. Christian Stocker,ÖVP,Abgeordneter Dr. Christian Stocker
"Abgeordnete Bedrana Ribo, MA (Grüne)",Grüne,"Abgeordnete Bedrana Ribo, MA"
"Abgeordneter Christian Hafenecker, MA (FPÖ)",FPÖ,"Abgeordneter Christian Hafenecker, MA"
Abgeordneter August Wöginger,ÖVP,Abgeordneter August Wöginger
"Abgeordnete Sigrid Maurer, BA (Grüne)",Grüne,"Abgeordnete Sigrid Maurer, BA"
"Abgeordnete Mag. Beate Meinl-Reisinger, MES",NEOS,"Abgeordnete Mag. Beate Meinl-Reisinger, MES"
"Bundesminister für Finanzen Mag. Gernot Blümel, MBA",ÖVP,"Mag. Gernot Blümel, MBA"
"Abgeordneter Hermann Weratschnig, MBA MSc (Grüne)",Grüne,"Abgeordneter Hermann Weratschnig, MBA MSc"
Mag. Wolfgang Sobotka,ÖVP,Abgeordneter Mag. Wolfgang Sobotka
Abgeordneter Ralph Schallmeiner,Grüne,Abgeordneter Ralph Schallmeiner
Bundesministerin für EU und Verfassung im Bundeskanzleramt Mag. Karoline Edtstadler,ÖVP,Bundesministerin für EU und Verfassung im Bundeskanzleramt Mag. Karoline Edtstadler
Abgeordneter Mag. Gerhard Kaniak (FPÖ),FPÖ,Abgeordneter Mag. Gerhard Kaniak
Abgeordneter Mag. Klaus Fürlinger (ÖVP),ÖVP,Abgeordneter Mag. Klaus Fürlinger
Abgeordneter Mag. Harald Stefan,FPÖ,Abgeordneter Mag. Harald Stefan
Abgeordneter Mag. Felix Eypeltauer,NEOS,Abgeordneter Mag. Felix Eypeltauer
Abgeordnete Gabriela Schwarz (ÖVP),ÖVP,Abgeordnete Gabriela Schwarz
Abgeordneter Douglas Hoyos-Trauttmansdorff (NEOS),NEOS,Abgeordneter Douglas Hoyos-Trauttmansdorff
Abgeordneter Philip Kucher (SPÖ),SPÖ,Abgeordneter Philip Kucher
Abgeordneter Süleyman Zorba (Grüne),Grüne,Abgeordneter Süleyman Zorba
Abgeordnete Mag. Verena Nussbaum,SPÖ,Abgeordnete Mag. Verena Nussbaum
Abgeordnete Maria Großbauer (ÖVP),ÖVP,Abgeordnete Maria Großbauer
"Abgeordnete Melanie Erasim, MSc (SPÖ)",SPÖ,"Abgeordnete Melanie Erasim, MSc"
Abgeordneter Christoph Zarits,ÖVP,Abgeordneter Christoph Zarits
Abgeordneter Mag. Jörg Leichtfried (SPÖ),SPÖ,Abgeordneter Mag. Jörg Leichtfried
Abgeordneter Michael Schnedlitz (FPÖ),FPÖ,Abgeordneter Michael Schnedlitz
"Abgeordnete Sigrid Maurer, BA",Grüne,"Abgeordnete Sigrid Maurer, BA"
Abgeordnete Gabriele Heinisch-Hosek,SPÖ,Abgeordnete Gabriele Heinisch-Hosek
"Abgeordneter Hermann Brückl, MA",FPÖ,"Abgeordneter Hermann Brückl, MA"
Abgeordnete Mag. Dr. Sonja Hammerschmid,SPÖ,Abgeordnete Mag. Dr. Sonja Hammerschmid
Abgeordneter Sebastian Kurz,ÖVP,Sebastian Kurz
Abgeordneter Herbert Kickl,FPÖ,Abgeordneter Herbert Kickl
Abgeordneter Mag. Werner Kogler,Grüne,Mag. Werner Kogler
"Abgeordnete Mag. Beate Meinl-Reisinger, MES (NEOS)",NEOS,"Abgeordnete Mag. Beate Meinl-Reisinger, MES"
"Abgeordnete Leonore Gewessler, BA",Grüne,"Abgeordnete Leonore Gewessler, BA"
"Abgeordneter Dr. Nikolaus Scherak, MA",NEOS,"Abgeordneter Dr. Nikolaus Scherak, MA"
Abgeordnete Elisabeth Köstinger,ÖVP,Abgeordnete Elisabeth Köstinger
Abgeordnete Dr. Ewa Ernst-Dziedzic,Grüne,Abgeordnete Dr. Ewa Ernst-Dziedzic
Abgeordnete Gabriela Schwarz,ÖVP,Abgeordnete Gabriela Schwarz
Abgeordnete Mag. Andrea Kuntzl (SPÖ),SPÖ,Abgeordnete Mag. Andrea Kuntzl
"Abgeordneter Michel Reimon, MBA",Grüne,"Abgeordneter Michel Reimon, MBA"
Abgeordneter Dr. Helmut Brandstätter (NEOS),NEOS,Abgeordneter Dr. Helmut Brandstätter
Abgeordneter Josef Schellhorn,NEOS,Abgeordneter Josef Schellhorn
Abgeordneter Ing. Mag. Volker Reifenberger,FPÖ,Abgeordneter Ing. Mag. Volker Reifenberger
"Abgeordneter Mag. Dr. Jakob Schwarz, BA (Grüne)",Grüne,"Abgeordneter Mag. Dr. Jakob Schwarz, BA"
Abgeordneter Dr. Reinhold Lopatka,ÖVP,Abgeordneter Dr. Reinhold Lopatka
"Mitglied des Europäischen Parlaments Claudia Gamon , MSc (WU) (NEOS)",NEOS,"Mitglied des Europäischen Parlaments Claudia Gamon, MSc (WU)"
"Abgeordnete Eva Maria Holzleitner, BSc",SPÖ,"Abgeordnete Eva Maria Holzleitner, BSc"
Mitglied des Europäischen Parlaments Barbara Thaler,ÖVP,Mitglied des Europäischen Parlaments Barbara Thaler
Abgeordneter Dr. Helmut Brandstätter,NEOS,Abgeordneter Dr. Helmut Brandstätter
Abgeordnete Martina Diesner-Wais (ÖVP),ÖVP,Abgeordnete Martina Diesner-Wais
Abgeordneter Rudolf Silvan,SPÖ,Abgeordneter Rudolf Silvan
Abgeordnete Mag. Ulrike Fischer,Grüne,Abgeordnete Mag. Ulrike Fischer
"Volksanwalt Werner Amon, MBA",ÖVP,"Volksanwalt Werner Amon, MBA"
Volksanwalt Mag. Bernhard Achitz,SPÖ,Volksanwalt Mag. Bernhard Achitz
Volksanwalt Dr. Walter Rosenkranz,FPÖ,Volksanwalt Dr. Walter Rosenkranz
Abgeordneter Mag. Peter Weidinger,ÖVP,Abgeordneter Mag. Peter Weidinger
"Abgeordnete Petra Bayr, MA MLS",SPÖ,"Abgeordnete Petra Bayr, MA MLS"
"Abgeordnete Rosa Ecker, MBA",FPÖ,"Abgeordnete Rosa Ecker, MBA"
Abgeordneter Mag. Michael Hammer,ÖVP,Abgeordneter Mag. Michael Hammer
Abgeordneter Mag. Markus Koza (Grüne),Grüne,Abgeordneter Mag. Markus Koza
Abgeordnete Rebecca Kirchbaumer (ÖVP),ÖVP,Abgeordnete Rebecca Kirchbaumer
Abgeordnete Mag. Meri Disoski,Grüne,Abgeordnete Mag. Meri Disoski
Abgeordneter Mag. Ernst Gödl,ÖVP,Abgeordneter Mag. Ernst Gödl
Abgeordnete Bettina Zopf (ÖVP),ÖVP,Abgeordnete Bettina Zopf
Abgeordnete Tanja Graf (ÖVP),ÖVP,Abgeordnete Tanja Graf
Abgeordneter Andreas Minnich,ÖVP,Abgeordneter Andreas Minnich
Abgeordnete Dr. Dagmar Belakowitsch (FPÖ),FPÖ,Abgeordnete Dr. Dagmar Belakowitsch
Abgeordneter Hermann Gahr (ÖVP),ÖVP,Abgeordneter Hermann Gahr
Abgeordneter Ing. Reinhold Einwallner,SPÖ,Abgeordneter Ing. Reinhold Einwallner
Abgeordnete Nurten Yılmaz (SPÖ),SPÖ,Abgeordnete Nurten Yılmaz
Abgeordneter Christian Ries,FPÖ,Abgeordneter Christian Ries
Abgeordnete Mag. Meri Disoski (Grüne),Grüne,Abgeordnete Mag. Meri Disoski
Abgeordnete Henrike Brandstötter (NEOS),NEOS,Abgeordnete Henrike Brandstötter
Abgeordnete Mag. Johanna Jachs (ÖVP),ÖVP,Abgeordnete Mag. Johanna Jachs
Abgeordneter Ing. Manfred Hofinger (ÖVP),ÖVP,Abgeordneter Ing. Manfred Hofinger
Abgeordnete Mag. Faika El-Nagashi,Grüne,Abgeordnete Mag. Faika El-Nagashi
Abgeordnete Sabine Schatz (SPÖ),SPÖ,Abgeordnete Sabine Schatz
Abgeordneter Mag. Martin Engelberg (ÖVP),ÖVP,Abgeordneter Mag. Martin Engelberg
Abgeordneter Andreas Kollross (SPÖ),SPÖ,Abgeordneter Andreas Kollross
Abgeordneter Nikolaus Prinz (ÖVP),ÖVP,Abgeordneter Nikolaus Prinz
Abgeordnete Carina Reiter (ÖVP),ÖVP,Abgeordnete Carina Reiter
"Abgeordneter Hermann Brückl, MA (FPÖ)",FPÖ,"Abgeordneter Hermann Brückl, MA"
Abgeordneter Michael Bernhard (NEOS),NEOS,Abgeordneter Michael Bernhard
Abgeordneter Robert Laimer (SPÖ),SPÖ,Abgeordneter Robert Laimer
Abgeordnete Mag. Corinna Scharzenberger (ÖVP),ÖVP,Abgeordnete Mag. Corinna Scharzenberger
Abgeordneter Christian Lausch (FPÖ),FPÖ,Abgeordneter Christian Lausch
Abgeordnete Mag. Ruth Becher (SPÖ),SPÖ,Abgeordnete Mag. Ruth Becher
Abgeordneter Rudolf Silvan (SPÖ),SPÖ,Abgeordneter Rudolf Silvan
"Bundeskanzler Mag. Alexander Schallenberg, LL.M.",ÖVP,"Mag. Alexander Schallenberg, LL.M."
"Bundesminister für Kunst, Kultur, öffentlichen Dienst und Sport Vizekanzler Mag. Werner Kogler",Grüne,Mag. Werner Kogler
"Abgeordnete Dr. Pamela Rendi-Wagner, MSc (SPÖ)",SPÖ,"Abgeordnete Dr. Pamela Rendi-Wagner, MSc"
Bundesminister für europäische und internationale Angelegenheiten Dr. Michael Linhart,ÖVP,Bundesminister für europäische und internationale Angelegenheiten Dr. Michael Linhart
Abgeordneter MMMag. Dr. Axel Kassegger,FPÖ,Abgeordneter MMMag. Dr. Axel Kassegger
Abgeordneter Peter Haubner,ÖVP,Abgeordneter Peter Haubner
Abgeordnete Mag. Eva Blimlinger (Grüne),Grüne,Abgeordnete Mag. Eva Blimlinger
Abgeordnete Claudia Plakolm (ÖVP),ÖVP,Abgeordnete Claudia Plakolm
Abgeordneter Dipl.-Ing. Georg Strasser,ÖVP,Abgeordneter Dipl.-Ing. Georg Strasser
Abgeordneter Johannes Schmuckenschlager (ÖVP),ÖVP,Abgeordneter Johannes Schmuckenschlager
Abgeordneter Dr. Christoph Matznetter,SPÖ,Abgeordneter Dr. Christoph Matznetter
Abgeordneter Mag. Andreas Hanger,ÖVP,Abgeordneter Mag. Andreas Hanger
Abgeordneter Josef Schellhorn (NEOS),NEOS,Abgeordneter Josef Schellhorn
"Abgeordnete Bedrana Ribo, MA",Grüne,"Abgeordnete Bedrana Ribo, MA"
Abgeordneter Dr. Josef Smolle (ÖVP),ÖVP,Abgeordneter Dr. Josef Smolle
"Bundesminister für Soziales, Gesundheit, Pflege und Konsumentenschutz Rudolf Anschober",Grüne,"Bundesminister für Arbeit, Soziales, Gesundheit und Konsumentenschutz Rudolf Anschober"
"Abgeordneter Dr. Werner Saxinger, MSc (ÖVP)",ÖVP,"Abgeordneter Dr. Werner Saxinger, MSc"
Abgeordnete Mag. Elisabeth Scheucher-Pichler,ÖVP,Abgeordnete Mag. Elisabeth Scheucher-Pichler
Abgeordnete Dr. Ewa Ernst-Dziedzic (Grüne),Grüne,Abgeordnete Dr. Ewa Ernst-Dziedzic
Abgeordneter Ralph Schallmeiner (Grüne),Grüne,Abgeordneter Ralph Schallmeiner
Abgeordnete Ing. Mag. (FH) Alexandra Tanda (ÖVP),ÖVP,Abgeordnete Ing. Mag. (FH) Alexandra Tanda
Abgeordneter Karlheinz Kopf (ÖVP),ÖVP,Abgeordneter Karlheinz Kopf
Abgeordneter MMag. DDr. Hubert Fuchs (FPÖ),FPÖ,Abgeordneter MMag. DDr. Hubert Fuchs
Abgeordneter Peter Haubner (ÖVP),ÖVP,Abgeordneter Peter Haubner
"Abgeordnete Petra Bayr, MA MLS (SPÖ)",SPÖ,"Abgeordnete Petra Bayr, MA MLS"
Bundesministerin für Digitalisierung und Wirtschaftsstandort Dr. Margarete Schramböck,ÖVP,Bundesministerin für Digitalisierung und Wirtschaftsstandort Dr. Margarete Schramböck
Abgeordnete Julia Elisabeth Herr,SPÖ,Abgeordnete Julia Elisabeth Herr
Abgeordneter MMMag. Dr. Axel Kassegger (FPÖ),FPÖ,Abgeordneter MMMag. Dr. Axel Kassegger
Bundesminister für europäische und internationale Angelegenheiten Mag. Alexander,ÖVP,"Mag. Alexander Schallenberg, LL.M."
Abgeordnete Mag. Ruth Becher,SPÖ,Abgeordnete Mag. Ruth Becher
Abgeordneter Mag. Dr. Martin Graf,FPÖ,Abgeordneter Mag. Dr. Martin Graf
Abgeordneter Robert Laimer,SPÖ,Abgeordneter Robert Laimer
Abgeordneter Hans Stefan Hintner,ÖVP,Abgeordneter Hans Stefan Hintner
Abgeordneter Dr. Reinhold Lopatka (ÖVP),ÖVP,Abgeordneter Dr. Reinhold Lopatka
Abgeordneter Dr. Harald Troch,SPÖ,Abgeordneter Dr. Harald Troch
Abgeordneter Philip Kucher,SPÖ,Abgeordneter Philip Kucher
Abgeordneter Dr. Reinhard Eugen Bösch,FPÖ,Abgeordneter Dr. Reinhard Eugen Bösch
Abgeordneter Douglas Hoyos-Trauttmansdorff,NEOS,Abgeordneter Douglas Hoyos-Trauttmansdorff
Bundesministerin für Landesverteidigung Mag. Klaudia Tanner,ÖVP,Bundesministerin für Landesverteidigung Mag. Klaudia Tanner
Abgeordneter Ing. Manfred Hofinger,ÖVP,Abgeordneter Ing. Manfred Hofinger
Abgeordneter Johann Höfinger (ÖVP),ÖVP,Abgeordneter Johann Höfinger
Abgeordneter Walter Rauch (FPÖ),FPÖ,Abgeordneter Walter Rauch
Abgeordneter Lukas Hammer (Grüne),Grüne,Abgeordneter Lukas Hammer
"Abgeordnete Mag. Carmen Jeitler-Cincelli, BA (ÖVP)",ÖVP,"Abgeordnete Mag. Carmen Jeitler-Cincelli, BA"
Abgeordneter Erwin Angerer,FPÖ,Abgeordneter Erwin Angerer
Abgeordneter Yannick Shetty (NEOS),NEOS,Abgeordneter Mag. Yannick Shetty
"Abgeordneter Michel Reimon, MBA (Grüne)",Grüne,"Abgeordneter Michel Reimon, MBA"
"Mitglied des Europäischen Parlaments Claudia Gamon, MSc (WU) (NEOS)",NEOS,"Mitglied des Europäischen Parlaments Claudia Gamon, MSc (WU)"
Abgeordnete Petra Steger (FPÖ),FPÖ,Abgeordnete Petra Steger
Mitglied des Europäischen Parlaments Dr. Angelika Winzig (ÖVP),ÖVP,Mitglied des Europäischen Parlaments Dr. Angelika Winzig
Mitglied des Europäischen Parlaments Mag. Dr. Günther Sidl (SPÖ),SPÖ,Mitglied des Europäischen Parlaments Mag. Dr. Günther Sidl (SPÖ)
Mitglied des Europäischen Parlaments Dr. Monika Vana,Grüne,Mitglied des Europäischen Parlaments Dr. Monika Vana
Abgeordneter Christoph Stark,ÖVP,Abgeordneter Christoph Stark
Abgeordnete Mag. Karin Greiner,SPÖ,Abgeordnete Mag. Karin Greiner
Abgeordneter Christoph Zarits (ÖVP),ÖVP,Abgeordneter Christoph Zarits
Abgeordneter Klaus Köchl,SPÖ,Abgeordneter Klaus Köchl
Abgeordnete Mag. Agnes Sirkka Prammer (Grüne),Grüne,Abgeordnete Mag. Agnes Sirkka Prammer
"Bundesministerin für Justiz Dr. Alma Zadić, LL.M.",Grüne,"Dr. Alma Zadić, LL.M."
Abgeordneter Dietmar Keck (SPÖ),SPÖ,Abgeordneter Dietmar Keck
Abgeordnete Mag. Verena Nussbaum (SPÖ),SPÖ,Abgeordnete Mag. Verena Nussbaum
Abgeordneter Peter Schmiedlechner (FPÖ),FPÖ,Abgeordneter Peter Schmiedlechner
Abgeordnete Dipl.-Ing. Olga Voglauer,Grüne,Abgeordnete Dipl.-Ing. Olga Voglauer
Abgeordneter Franz Leonhard Eßl,ÖVP,Abgeordneter Franz Leonhard Eßl
Abgeordneter Clemens Stammler,Grüne,Abgeordneter Clemens Stammler
Abgeordneter Ing. Josef Hechenberger,ÖVP,Abgeordneter Ing. Josef Hechenberger
Abgeordneter Ing. Markus Vogl,SPÖ,Abgeordneter Ing. Markus Vogl
Bundesministerin für Digitalisierung und Wirtschaftsstandort Dr. Margarete,ÖVP,Bundesministerin für Digitalisierung und Wirtschaftsstandort Dr. Margarete Schramböck
"Abgeordnete Mag. Dr. Maria Theresia Niss, MBA",ÖVP,"Abgeordnete Mag. Dr. Maria Theresia Niss, MBA"
Abgeordnete Dr. Elisabeth Götze (Grüne),Grüne,Abgeordnete Dr. Elisabeth Götze
Abgeordneter Nico Marchetti,ÖVP,Abgeordneter Nico Marchetti
Abgeordnete Mag. Dr. Petra Oberrauner (SPÖ),SPÖ,Abgeordnete Mag. Dr. Petra Oberrauner
Abgeordneter Lukas Hammer,Grüne,Abgeordneter Lukas Hammer
Abgeordneter Lukas Brandweiner,ÖVP,Abgeordneter Lukas Brandweiner
Abgeordneter Michael Seemayer (SPÖ),SPÖ,Abgeordneter Michael Seemayer
Abgeordneter Yannick Shetty,NEOS,Abgeordneter Mag. Yannick Shetty
Abgeordneter Karl Schmidhofer (ÖVP),ÖVP,Abgeordneter Karl Schmidhofer
Abgeordnete Petra Vorderwinkler (SPÖ),SPÖ,Abgeordnete Petra Vorderwinkler
"Abgeordneter Maximilian Köllner, MA (SPÖ)",SPÖ,"Abgeordneter Maximilian Köllner, MA"
Abgeordneter Mag. Dr. Martin Graf (FPÖ),FPÖ,Abgeordneter Mag. Dr. Martin Graf
Abgeordneter Süleyman Zorba,Grüne,Abgeordneter Süleyman Zorba
Abgeordneter Mag. Harald Stefan (FPÖ),FPÖ,Abgeordneter Mag. Harald Stefan
Abgeordneter Dr. Harald Troch (SPÖ),SPÖ,Abgeordneter Dr. Harald Troch
Abgeordneter Alexander Melchior,ÖVP,Abgeordneter Alexander Melchior
Abgeordneter Mag. Thomas Drozda,SPÖ,Abgeordneter Mag. Thomas Drozda
Abgeordneter Mag. Christian Drobits (SPÖ),SPÖ,Abgeordneter Mag. Christian Drobits
Abgeordnete Henrike Brandstötter,NEOS,Abgeordnete Henrike Brandstötter
Abgeordnete Dr. Astrid Rössler,Grüne,Abgeordnete Dr. Astrid Rössler
Abgeordneter Kai Jan Krainer,SPÖ,Abgeordneter Kai Jan Krainer
Abgeordneter Andreas Kollross,SPÖ,Abgeordneter Andreas Kollross
"Abgeordnete Mag. Dr. Maria Theresia Niss, MBA (ÖVP)",ÖVP,"Abgeordnete Mag. Dr. Maria Theresia Niss, MBA"
Abgeordnete Mag. Dr. Petra Oberrauner,SPÖ,Abgeordnete Mag. Dr. Petra Oberrauner
Abgeordneter Laurenz Pöttinger (ÖVP),ÖVP,Abgeordneter Laurenz Pöttinger
Abgeordneter Alois Schroll,SPÖ,Abgeordneter Alois Schroll
"Abgeordnete Mag. Carmen Jeitler-Cincelli, BA",ÖVP,"Abgeordnete Mag. Carmen Jeitler-Cincelli, BA"
Abgeordneter Alexander Melchior (ÖVP),ÖVP,Abgeordneter Alexander Melchior
Abgeordneter Nico Marchetti (ÖVP),ÖVP,Abgeordneter Nico Marchetti
Abgeordneter Mag. Dr. Rudolf Taschner (ÖVP),ÖVP,Abgeordneter Mag. Dr. Rudolf Taschner
"Abgeordnete Eva-Maria Himmelbauer, BSc (ÖVP)",ÖVP,"Abgeordnete Eva-Maria Himmelbauer, BSc"
Abgeordneter Dr. Christian Stocker (ÖVP),ÖVP,Abgeordneter Dr. Christian Stocker
Abgeordneter Mag. Dr. Rudolf Taschner,ÖVP,Abgeordneter Mag. Dr. Rudolf Taschner
Abgeordnete Mag. Dr. Sonja Hammerschmid (SPÖ),SPÖ,Abgeordnete Mag. Dr. Sonja Hammerschmid
Abgeordnete Mag. Sibylle Hamann (Grüne),Grüne,Abgeordnete Mag. Sibylle Hamann
Abgeordnete Mag. Martina Künsberg Sarre,NEOS,Abgeordnete Mag. Martina Künsberg Sarre
"Bundesminister für Bildung, Wissenschaft und Forschung Dr. Heinz Faßmann",Parteilos,"Bundesminister für Bildung, Wissenschaft und Forschung Dr. Heinz Faßmann"
Abgeordnete Petra Vorderwinkler,SPÖ,Abgeordnete Petra Vorderwinkler
"Abgeordnete MMag. Dr. Agnes Totter, BEd",ÖVP,"Abgeordnete MMag. Dr. Agnes Totter, BEd"
Abgeordneter Ing. Johann Weber (ÖVP),ÖVP,Abgeordneter Ing. Johann Weber
Abgeordneter Maximilian Lercher (SPÖ),SPÖ,Abgeordneter Maximilian Lercher
Abgeordnete Mag. Maria Smodics-Neumann (ÖVP),ÖVP,Abgeordnete Mag. Maria Smodics-Neumann
Abgeordneter Andreas Kühberger,ÖVP,Abgeordneter Andreas Kühberger
Abgeordneter Christian Lausch,FPÖ,Abgeordneter Christian Lausch
Abgeordneter Johann Singer,ÖVP,Abgeordneter Johann Singer
Präsidentin des Rechnungshofes Dr. Margit Kraker,ÖVP,Präsidentin des Rechnungshofes Dr. Margit Kraker
Abgeordneter Wolfgang Zanger (FPÖ),FPÖ,Abgeordneter Wolfgang Zanger
"Abgeordnete Rosa Ecker, MBA (FPÖ)",FPÖ,"Abgeordnete Rosa Ecker, MBA"
Abgeordnete Dipl.-Kffr. (FH) Elisabeth Pfurtscheller (ÖVP),ÖVP,Abgeordnete Dipl.-Kffr. (FH) Elisabeth Pfurtscheller
Bundesministerin für Frauen und Integration im Bundeskanzleramt MMag. Dr. Susanne Raab,ÖVP,"Bundesministerin für Frauen, Familie, Jugend und Integration im Bundeskanzleramt MMag. Dr. Susanne Raab"
Abgeordneter Mag. Klaus Fürlinger,ÖVP,Abgeordneter Mag. Klaus Fürlinger
Abgeordnete Mag. Corinna Scharzenberger,ÖVP,Abgeordnete Mag. Corinna Scharzenberger
"Abgeordnete Fiona Fiedler, BEd (NEOS)",NEOS,"Abgeordnete Fiona Fiedler, BEd"
Abgeordnete Mag. Elisabeth Scheucher-Pichler (ÖVP),ÖVP,Abgeordnete Mag. Elisabeth Scheucher-Pichler
Abgeordneter Ing. Martin Litschauer,Grüne,Abgeordneter Ing. Martin Litschauer
Abgeordneter Mag. Gerhard Kaniak,FPÖ,Abgeordneter Mag. Gerhard Kaniak
Abgeordneter Dr. Josef Smolle,ÖVP,Abgeordneter Dr. Josef Smolle
Abgeordneter Johann Höfinger,ÖVP,Abgeordneter Johann Höfinger
Abgeordnete Petra Wimmer,SPÖ,Abgeordnete Petra Wimmer
Abgeordneter Mag. Friedrich Ofenauer (ÖVP),ÖVP,Abgeordneter Mag. Friedrich Ofenauer
Abgeordneter Walter Rauch,FPÖ,Abgeordneter Walter Rauch
Abgeordneter Peter Schmiedlechner,FPÖ,Abgeordneter Peter Schmiedlechner
"Abgeordneter Mag. Hannes Amesbauer, BA (FPÖ)",FPÖ,"Abgeordneter Mag. Hannes Amesbauer, BA"
"Bundesminister für Soziales, Gesundheit, Pflege und Konsumentenschutz Dr. Wolfgang Mückstein",Grüne,"Bundesminister für Soziales, Gesundheit, Pflege und Konsumentenschutz Dr. Wolfgang Mückstein"
Abgeordneter Peter Wurm (FPÖ),FPÖ,Abgeordneter Peter Wurm
Abgeordnete Mag. Karin Greiner (SPÖ),SPÖ,Abgeordnete Mag. Karin Greiner
"Bundesminister für Kunst, Kultur, öffentlichen Dienst und Sport Vizekanzler",Grüne,Mag. Werner Kogler
"Bundesminister für Arbeit, Familie und Jugend Mag. Dr. Martin Kocher",Parteilos,"Bundesminister für Arbeit, Familie und Jugend Mag. Dr. Martin Kocher"
Abgeordnete Claudia Plakolm,ÖVP,Abgeordnete Claudia Plakolm
"Abgeordnete Eva Maria Holzleitner, BSc (SPÖ)",SPÖ,"Abgeordnete Eva Maria Holzleitner, BSc"
Abgeordneter Norbert Sieber,ÖVP,Abgeordneter Norbert Sieber
Abgeordneter Michael Seemayer,SPÖ,Abgeordneter Michael Seemayer
Präsidentin des Rechnungshofes Rechnungshof Dr. Margit Kraker,ÖVP,Präsidentin des Rechnungshofes Dr. Margit Kraker
Abgeordneter Andreas Kühberger (ÖVP),ÖVP,Abgeordneter Andreas Kühberger
Abgeordneter Nikolaus Prinz,ÖVP,Abgeordneter Nikolaus Prinz
Abgeordnete Mag. Ulrike Fischer (Grüne),Grüne,Abgeordnete Mag. Ulrike Fischer
Abgeordneter Hans Stefan Hintner (ÖVP),ÖVP,Abgeordneter Hans Stefan Hintner
Abgeordneter Mag. Michael Hammer (ÖVP),ÖVP,Abgeordneter Mag. Michael Hammer
Abgeordnete Mag. Andrea Kuntzl,SPÖ,Abgeordnete Mag. Andrea Kuntzl
Abgeordneter Mag. Yannick Shetty (NEOS),NEOS,Abgeordneter Mag. Yannick Shetty
Abgeordneter Joachim Schnabel,ÖVP,Abgeordneter Joachim Schnabel
Abgeordnete Angela Baumgartner (ÖVP),ÖVP,Abgeordnete Angela Baumgartner
Abgeordneter Mag. Philipp Schrangl (FPÖ),FPÖ,Abgeordneter Mag. Philipp Schrangl
Abgeordnete Mag. Nina Tomaselli,Grüne,Abgeordnete Mag. Nina Tomaselli
"Abgeordneter Ing. Klaus Lindinger, BSc (ÖVP)",ÖVP,"Abgeordneter Ing. Klaus Lindinger, BSc"
Abgeordneter Mario Lindner,SPÖ,Abgeordneter Mario Lindner
Abgeordnete Ing. Mag. (FH) Alexandra Tanda,ÖVP,Abgeordnete Ing. Mag. (FH) Alexandra Tanda
Abgeordneter Karl Schmidhofer,ÖVP,Abgeordneter Karl Schmidhofer
Abgeordnete Mag. Julia Seidl,NEOS,Abgeordnete Mag. Julia Seidl
Abgeordneter Alois Schroll (SPÖ),SPÖ,Abgeordneter Alois Schroll
Abgeordnete Mag. Michaela Steinacker (ÖVP),ÖVP,Abgeordnete Mag. Michaela Steinacker
Abgeordneter Dr. Johannes Margreiter (NEOS),NEOS,Abgeordneter Dr. Johannes Margreiter
Abgeordneter Dipl.-Ing. Nikolaus Berlakovich,ÖVP,Abgeordneter Dipl.-Ing. Nikolaus Berlakovich
Abgeordneter Dipl.-Ing. Gerhard Deimek (FPÖ),FPÖ,Abgeordneter Dipl.-Ing. Gerhard Deimek
Abgeordneter Andreas Ottenschläger (ÖVP),ÖVP,Abgeordneter Andreas Ottenschläger
Abgeordneter Ing. Martin Litschauer (Grüne),Grüne,Abgeordneter Ing. Martin Litschauer
Abgeordnete Mag. Nina Tomaselli (Grüne),Grüne,Abgeordnete Mag. Nina Tomaselli
Abgeordnete Dr. Astrid Rössler (Grüne),Grüne,Abgeordnete Dr. Astrid Rössler
Abgeordnete Cornelia Ecker,SPÖ,Abgeordnete Cornelia Ecker
"Abgeordneter Dr. Werner Saxinger, MSc",ÖVP,"Abgeordneter Dr. Werner Saxinger, MSc"
Abgeordneter Wolfgang Zanger,FPÖ,Abgeordneter Wolfgang Zanger
Abgeordneter Karl Mahrer (ÖVP),ÖVP,"Abgeordneter Karl Mahrer, BA"
Abgeordneter Dr. Reinhard Eugen Bösch (FPÖ),FPÖ,Abgeordneter Dr. Reinhard Eugen Bösch
Abgeordnete Kira Grünberg,ÖVP,Abgeordnete Kira Grünberg
Abgeordneter Rainer Wimmer (SPÖ),SPÖ,Abgeordneter Rainer Wimmer
Abgeordneter Ing. Johann Weber,ÖVP,Abgeordneter Ing. Johann Weber
Abgeordneter Ing. Josef Hechenberger (ÖVP),ÖVP,Abgeordneter Ing. Josef Hechenberger
"Bundeskanzler Karl Nehammer, MSc",ÖVP,"Karl Nehammer, MSc"
"Bundesminister für Bildung, Wissenschaft und Forschung Dr. Martin Polaschek",Parteilos,"Bundesminister für Bildung, Wissenschaft und Forschung Dr. Martin Polaschek"
Abgeordnete Mag. Romana Deckenbacher,ÖVP,Abgeordnete Mag. Romana Deckenbacher
Abgeordnete Mag. Selma Yildirim (SPÖ),SPÖ,Abgeordnete Mag. Selma Yildirim
Abgeordneter Mag. Martin Engelberg,ÖVP,Abgeordneter Mag. Martin Engelberg
Abgeordnete Irene Neumann-Hartberger,ÖVP,Abgeordnete Irene Neumann-Hartberger
Abgeordneter Mag. Wolfgang Sobotka,ÖVP,Abgeordneter Mag. Wolfgang Sobotka
Abgeordneter Christoph Stark (ÖVP),ÖVP,Abgeordneter Christoph Stark
"Abgeordnete Martina Kaufmann, MMSc BA (ÖVP)",ÖVP,"Abgeordnete Martina Kaufmann, MMSc BA"
Abgeordneter Ing. Markus Vogl (SPÖ),SPÖ,Abgeordneter Ing. Markus Vogl
Abgeordnete Dr. Gudrun Kugler (ÖVP),ÖVP,Abgeordnete Dr. Gudrun Kugler
"Abgeordneter Karl Mahrer, BA",ÖVP,"Abgeordneter Karl Mahrer, BA"
Abgeordnete Carina Reiter,ÖVP,Abgeordnete Carina Reiter
Abgeordneter Dr. Josef Moser,Parteilos,Abgeordneter Dr. Josef Moser
Bundesministerin für Digitalisierung und Wirtschaftsstandort Dr. Margarete Schram,ÖVP,Bundesministerin für Digitalisierung und Wirtschaftsstandort Dr. Margarete Schramböck
"Bundesminister für Soziales, Gesundheit, Pflege und Konsumentenschutz Rudolf",Grüne,"Bundesminister für Arbeit, Soziales, Gesundheit und Konsumentenschutz Rudolf Anschober"
"Staatssekretär im Bundesministerium für Klimaschutz, Umwelt, Energie, Mobilität, Innovation und Technologie Dr. Magnus Brunner, LL.M.",ÖVP,"Dr. Magnus Brunner, LL.M."
Abgeordneter Peter Weidinger,ÖVP,Abgeordneter Mag. Peter Weidinger
Abgeordneter Alois Kainz,FPÖ,Abgeordneter Alois Kainz
"Staatssekretärin im Bundesministerium für Kunst, Kultur, öffentlichen Dienst und Sport Mag. Andrea Mayer",Parteilos,"Staatssekretärin im Bundesministerium für Kunst, Kultur, öffentlichen Dienst und Sport Mag. Andrea Mayer"
Abgeordneter Ing. Mag. Volker Reifenberger (FPÖ),FPÖ,Abgeordneter Ing. Mag. Volker Reifenberger
Abgeordnete Maria Großbauer,ÖVP,Abgeordnete Maria Großbauer
"Abgeordneter Maximilian Köllner, MA",SPÖ,"Abgeordneter Maximilian Köllner, MA"
Abgeordneter Mag. Christian Ragger (FPÖ),FPÖ,Abgeordneter Mag. Christian Ragger
"Bundesministerin für Frauen, Familie, Jugend und Integration im Bundeskanzleramt MMag. Dr. Susanne Raab",ÖVP,"Bundesministerin für Frauen, Familie, Jugend und Integration im Bundeskanzleramt MMag. Dr. Susanne Raab"
Abgeordneter Christian Ries (FPÖ),FPÖ,Abgeordneter Christian Ries
Abgeordneter Norbert Sieber (ÖVP),ÖVP,Abgeordneter Norbert Sieber
Abgeordnete Mag. Romana Deckenbacher (ÖVP),ÖVP,Abgeordnete Mag. Romana Deckenbacher
Abgeordnete Heike Grebien,Grüne,Abgeordnete Heike Grebien
Abgeordnete MMMag. Gertraud Salzmann (ÖVP),ÖVP,Abgeordnete MMMag. Gertraud Salzmann
Abgeordneter Mag. (FH) Kurt Egger,ÖVP,Abgeordneter Mag. (FH) Kurt Egger
Abgeordnete Kira Grünberg (ÖVP),ÖVP,Abgeordnete Kira Grünberg
Abgeordneter Lukas Brandweiner (ÖVP),ÖVP,Abgeordneter Lukas Brandweiner
Abgeordneter Peter Weidinger (ÖVP),ÖVP,Abgeordneter Mag. Peter Weidinger
Abgeordneter Mag. Thomas Drozda (SPÖ),SPÖ,Abgeordneter Mag. Thomas Drozda
Abgeordneter Dr. Josef Moser (ÖVP),ÖVP,Abgeordneter Dr. Josef Moser
"Bundesminister für Europa, Integration und Äußeres Mag. Alexander Schallenberg, LL.M.",ÖVP,"Mag. Alexander Schallenberg, LL.M."
"Bundesminister für Europa, Integration und Äußeres Mag. Alexander Schallenberg",ÖVP,"Mag. Alexander Schallenberg, LL.M."
Abgeordnete Irene Neumann-Hartberger (ÖVP),ÖVP,Abgeordnete Irene Neumann-Hartberger
Abgeordnete Mag. Bettina Rausch,ÖVP,Abgeordnete Mag. Bettina Rausch
Bundesminister für Inneres Mag. Gerhard Karner,ÖVP,Bundesminister für Inneres Mag. Gerhard Karner
Staatssekretärin im Bundeskanzleramt Claudia Plakolm,ÖVP,Abgeordnete Claudia Plakolm
Abgeordneter Mag. Yannick Shetty,NEOS,Abgeordneter Mag. Yannick Shetty
"Staatssekretärin im Bundesministerium für Kunst, Kultur, öffentlichen Dienst und Sport Mag. Ulrike Lunacek",Grüne,"Staatssekretärin im Bundesministerium für Kunst, Kultur, öffentlichen Dienst und Sport Mag. Ulrike Lunacek"
Abgeordneter Mag. Peter Weidinger (ÖVP),ÖVP,Abgeordneter Mag. Peter Weidinger
Mitglied des Europäischen Parlaments Mag. Evelyn Regner,SPÖ,Mitglied des Europäischen Parlaments Mag. Evelyn Regner
Abgeordnete Mag. Maria Smodics-Neumann,ÖVP,Abgeordnete Mag. Maria Smodics-Neumann
"Mitglied des Europäischen Parlaments Mag. Dr. Georg Mayer, MBL-HSG",FPÖ,"Mitglied des Europäischen Parlaments Mag. Dr. Georg Mayer, MBL-HSG"
Mitglied des Europäischen Parlaments Dr. Angelika Winzig,ÖVP,Mitglied des Europäischen Parlaments Dr. Angelika Winzig
Mitglied des Europäischen Parlaments Mag. Andreas Schieder,SPÖ,Mitglied des Europäischen Parlaments Mag. Andreas Schieder
"Abgeordneter Karl Mahrer, BA (ÖVP)",ÖVP,"Abgeordneter Karl Mahrer, BA"
"Bundesminister für Arbeit, Soziales, Gesundheit und Konsumentenschutz Rudolf Anschober",Grüne,"Bundesminister für Arbeit, Soziales, Gesundheit und Konsumentenschutz Rudolf Anschober"
"Mitglied des Europäischen Parlaments Claudia Gamon, MSc (WU)",NEOS,"Mitglied des Europäischen Parlaments Claudia Gamon, MSc (WU)"
Mitglied des Europäischen Parlaments Hannes Heide,SPÖ,Mitglied des Europäischen Parlaments Hannes Heide
Abgeordneter Joachim Schnabel (ÖVP),ÖVP,Abgeordneter Joachim Schnabel
Abgeordnete Edith Mühlberghuber (FPÖ),FPÖ,Abgeordnete Edith Mühlberghuber
Bundesministerin für Frauen und Integration im Bundeskanzleramt MMag. Dr. Susanne,ÖVP,"Bundesministerin für Frauen, Familie, Jugend und Integration im Bundeskanzleramt MMag. Dr. Susanne Raab"
"Bundesminister für europäische und internationale Angelegenheiten Mag. Alexander Schallenberg, LL.M.",ÖVP,"Mag. Alexander Schallenberg, LL.M."
Abgeordnete Pia Philippa Strache (ohne Klubzugehörigkeit),Parteilos,Abgeordnete Pia Philippa Strache
Abgeordnete Dipl.-Ing. Andrea Holzner,ÖVP,Abgeordnete Dipl.-Ing. Andrea Holzner
"Bundesminister für Finanzen Dkfm. Eduard Müller, MBA",Parteilos,"Bundesminister für Finanzen Dkfm. Eduard Müller, MBA"
Abgeordneter Mario Lindner (SPÖ),SPÖ,Abgeordneter Mario Lindner
Mag. Meri Disoski,Grüne,Abgeordnete Mag. Meri Disoski
Mitglied des Europäischen Parlaments Mag. Roman Haider (FPÖ),FPÖ,Mitglied des Europäischen Parlaments Mag. Roman Haider
Mitglied des Europäischen Parlaments Dr. Monika Vana (Grüne),Grüne,Mitglied des Europäischen Parlaments Dr. Monika Vana
"Abgeordnete MMag. Dr. Agnes Totter, BEd (ÖVP)",ÖVP,"Abgeordnete MMag. Dr. Agnes Totter, BEd"
Mitglied des Europäischen Parlaments Mag. Lukas Mandl,ÖVP,Mitglied des Europäischen Parlaments Mag. Lukas Mandl
"Abgeordnete Dr. Alma Zadić, LL.M.",Grüne,"Dr. Alma Zadić, LL.M."
"Abgeordnete Dr. Alma Zadić, LL.M. (Grüne)",Grüne,"Dr. Alma Zadić, LL.M."
Abgeordneter Stefan Kaineder,Grüne,Abgeordneter Stefan Kaineder
"Bundesminister für Europa, Integration und Äußeres Mag. Alexander Schallenberg, LL.M",ÖVP,"Mag. Alexander Schallenberg, LL.M."
"Abgeordnete MMag. Katharina Werner, Bakk. (NEOS)",NEOS,"Abgeordnete MMag. Katharina Werner, Bakk."
Abgeordneter Mag. (FH) Kurt Egger (ÖVP),ÖVP,Abgeordneter Mag. (FH) Kurt Egger
Abgeordneter Sebastian Kurz (ÖVP),ÖVP,Sebastian Kurz
"Bundesministerin für Frauen, Familie, Jugend und Integration MMag. Dr. Susanne Raab",ÖVP,"Bundesministerin für Frauen, Familie, Jugend und Integration im Bundeskanzleramt MMag. Dr. Susanne Raab"
Mitglied des Europäischen Parlaments Harald Vilimsky (FPÖ),FPÖ,Mitglied des Europäischen Parlaments Harald Vilimsky
"Mitglied des Europäischen Parlaments Mag. Christian Sagartz, BA",ÖVP,"Mitglied des Europäischen Parlaments Mag. Christian Sagartz, BA"
Abgeordnete Heike Grebien (Grüne),Grüne,Abgeordnete Heike Grebien
Bundesminister für öffentlichen Dienst und Sport Vizekanzler Mag. Werner Kogler,Grüne,Mag. Werner Kogler
"Bundesministerin für Verkehr, Innovation und Technologie Leonore Gewessler, BA",Grüne,"Abgeordnete Leonore Gewessler, BA"
"Abgeordneter Hannes Amesbauer, BA (FPÖ)",FPÖ,"Abgeordneter Mag. Hannes Amesbauer, BA"
"Abgeordneter Mag. Gernot Blümel, MBA",ÖVP,"Mag. Gernot Blümel, MBA"
"Abgeordneter Hannes Amesbauer, BA",FPÖ,"Abgeordneter Mag. Hannes Amesbauer, BA"
"Bundesministerin für Nachhaltigkeit und Tourismus Dipl.-Ing. Maria Patek, MBA",Parteilos,"Bundesministerin für Nachhaltigkeit und Tourismus Dipl.-Ing. Maria Patek, MBA"
Abgeordnete Dipl.-Ing. Andrea Holzner (ÖVP),ÖVP,Abgeordnete Dipl.-Ing. Andrea Holzner
"Abgeordnete MMag. Katharina Werner, Bakk.",NEOS,"Abgeordnete MMag. Katharina Werner, Bakk."