label,english,german_hand_translated,german_google_translate
0,He gave a self-deprecating shrug.,Er zuckte selbstironisch mit den Achseln,Er gab einen selbstironischen Achselzucken.
0,He is so much more than a comedian.,Er ist so viel mehr als ein Komiker,Er ist so viel mehr als ein Komiker.
0,We were pelted with rotten tomatoes.,Wir wurden mit faulen Tomaten beworfen,Wir waren mit faulen Tomaten ausgestoßen.
0,Mind you don't tread in that puddle.,"Pass auf, dass du nicht in diese Pfütze steigst","Denken Sie daran, Sie treten nicht in dieser Pfütze."
0,We've branded our cattle.,Wir haben unsere Rinder gebrandmarkt,Wir haben unser Vieh gebrandmarkt.
0,She has an earthy sense of humour.,Sie hat einen derben Humor,Sie hat einen erdigen Sinn für Humor.
0,She just goes to pieces in exams.,Während einer Prüfung bricht sie zusammen,Sie geht nur in Prüfungen in Stücke.
0,She bit the thread in two.,Sie hat den Faden durchgebissen,Sie biss den Faden in zwei Teile.
0,My new hat was squished under his hips.,Mein neuer Hut wurde unter seiner Hüfte zusammengedrückt ,Mein neuer Hut wurde unter seine Hüften gequetscht.
0,He is punctual to a proverb.,Er ist bekannt für seine Pünktlichkeit,Er ist pünktlich zu einem Sprichwort.
0,She's merely a child.,Sie ist nur ein Kind,Sie ist nur ein Kind.
0,Sophie is a glutton for books.,Sophie ist ein Nimmersatt wenn es um Bücher geht,Sophie ist eine Vielfraß für Bücher.
0,How can you watch that drivel on TV?,Wie kannst du dir dieses Geschwätz im Fernsehen ansehen?,Wie können Sie diesen Trottel im Fernsehen sehen?
0,History is one of his blind spots.,Geschichte ist eine seiner Schwachstellen,Die Geschichte ist einer seiner blinden Flecken.
0,I ain't got my yellow card on me.,Ich habe meine gelbe Karte nicht mit,Ich habe meine gelbe Karte nicht auf mich.
0,Think twice before you do it.,Überlege es dir gut bevor du es machst,"Überlegen Sie zweimal, bevor Sie es tun."
0,The row went on and on.,Die Schlange ging weiter und weiter,Die Reihe ging weiter und weiter.
0,I confess to a little bait and switch.,"Ich gebe zu, dass es sich um einen kleinen Schwindel handelt",Ich gestehe einen kleinen Köder und Schalter.
0,Don't distract me while I'm driving!,Lenk mich nicht ab während ich fahre!,"Lenu mich nicht ab, während ich fahre!"
0,Stop laying a guilt trip on me .,Hör auf mir Schuldgefühle zu verpassen,"Hör auf, eine Schuldreise auf mich zu legen."
0,Let's drink to the bride and groom.,Lasst uns auf das Brautpaar anstoßen,Lassen Sie uns in Braut und Bräutigam trinken.
0,Who's going to carve the turkey?,Wer wird den Truthahn tranchieren?,Wer wird den Truthahn schnitzen?
0,That's a load of baloney.,Das ist völliger Quatsch,Das ist eine Ladung Baloney.
0,I assume bail is moot?,"Ich gehe davon aus, dass die Kaution hinfällig ist?","Ich nehme an, Kaution ist streitend?"
0,He's not asleep - he's just pretending.,"Er schläft nicht, er tut nur so als ob","Er schläft nicht - er tut nur so, als würde er so tun."
0,You can't foist your ideas on me.,Ich lasse mir deine Ideen nicht aufzwingen,Sie können Ihre Ideen auf mich nicht aufschieben.
0,You have your sweater on inside out.,Du hast deinen Pullover verkehrt herum an,Sie haben Ihren Pullover auf innen nach außen.
0,Foxhunting is an abomination.,Die Fuchsjagd ist eine Abscheulichkeit,Foxhunting ist ein Gräuel.
0,There was Greek blood in his veins.,Er hatte griechisches Blut in seinen Adern,Da war griechisches Blut in seinen Adern.
0,Where else am I gonna go?,Wo sollte ich den sonst hingehen?,Wohin werde ich sonst gehen?
0,They've eaten a whole pot of jam!,Sie haben einen ganzen Topf Marmelade gegessen!,Sie haben einen ganzen Topf Marmelade gegessen!
0,Make a retro film with your images!,Mach einen Retrofilm mit deinen Bildern!,Machen Sie einen Retro -Film mit Ihren Bildern!
0,You will banish these ghastly thoughts.,Du wirst diese grässlichen Gedanken verbannen,Sie werden diese schrecklichen Gedanken verbannen.
0,Does your dog bite?,Beißt dein Hund?,Bittet dein Hund?
0,Don't fritter away your precious time.,Verdrödel deine kostbare Zeit nicht,Verrissen Sie Ihre kostbare Zeit nicht.
0,It was his back playing him up.,Sein Rücken hat ihm Probleme verursacht,"Es war sein Rücken, ihn aufzuspielen."
0,Is this another of your daft ideas?,Ist das wieder eine deiner doofen Ideen?,Ist dies ein weiterer Ihrer dummen Ideen?
0,Your cousins are akin to you.,Deine Cousins sind mit dir verwandt.,Ihre Cousins ​​sind Ihnen vergleichbar.
0,Don't be so heartless!,Sei nicht so herzlos!,Sei nicht so herzlos!
0,Pretty mouldy pay increase this year.,Die diesjährige Lohnerhöhung ist ziemlich schäbig,Ziemlich schimmelige Gehaltserhöhung in diesem Jahr.
0,Let's rediscover life in the slow lane.,Lasst uns das einfache Leben wiederentdecken,Lassen Sie uns das Leben in der langsamen Spur wieder entdecken.
0,He was faithful to me in weal and woe.,Er war mir treu in guten wie in schlechten Zeiten,Er war mir in Weal und Weh treu.
0,He won't dare to break his promise.,Er wird es nicht wagen sein Versprechen zu brechen,"Er wird es nicht wagen, sein Versprechen zu brechen."
0,She was a consummate performer.,Sie war eine unübertreffliche Darstellerin,Sie war eine vollendete Performerin.
0,He was hot for revenge.,Er war auf Rache aus,Er war heiß für Rache.
0,It felt like he was cracking a knuckle.,Es fühlte sich so an als würde er einen Knöchel knacken,"Es fühlte sich an, als würde er einen Knöchel knacken."
0,Let my kite fly high.,Lass meinen Drachen hochfliegen,Lass meinen Drachen hoch fliegen.
0,She's still hale and hearty at 74.,Sie ist mit 74 noch gesund und munter,Sie ist immer noch mit 74 Jahren hale und herzlich.
0,Did you have a flu jab this year?,Hattest du dieses Jahr eine Grippeimpfung?,Hattest du dieses Jahr eine Grippeimpfung?
0,That picture is askew.,Das Bild ist schief,Das Bild ist schief.
0,They gave him the boot for coming late.,Sie haben ihn gefeuert weil er zu spät kam,"Sie gaben ihm den Stiefel, weil er spät gekommen war."
0,She slathered her toast with butter.,Sie bestrich ihren Toast mit Butter,Sie schob ihren Toast mit Butter.
0,She was a prissy little girl.,Sie war ein kleines zimperliches Mädchen,Sie war ein Prissy -kleines Mädchen.
0,My uncle tipples brandy.,Mein Onkel trinkt Brandy,Mein Onkel Tipples Brandy.
0,The host bowed us in.,Der Gastgeber bat uns herein,Der Gastgeber verneigte uns ein.
0,Heavenly music swelled from nowhere.,Himmlische Musik ertrönte aus dem Nichts,Die himmlische Musik schwoll aus dem Nichts an.
0,He was sent to prison on a bum rap.,E wurde unfairerweise ins Gefängnis geschickt,Er wurde mit einem Penner Rap ins Gefängnis geschickt.
0,That's a comical hat you're wearing.,Das ist ein komischer Hut den du da trägst,"Das ist ein komischer Hut, den du trägst."
0,Just because I am not a misanthrope?,Nur weil ich kein Misanthrop bin?,Nur weil ich kein Misanthrop bin?
0,You're a dirty liar!,Du bist ein dreckiger Lügner!,Du bist ein schmutziger Lügner!
0,Who designed the new school?,Wer hat die neue Schule entworfen?,Wer hat die neue Schule entworfen?
0,I will cherish every good to me.,Ich werde alles Gute das mir passiert wertschätzen,Ich werde jedes Gut für mich schätzen.
0,I must be dashing off now.,Ich muss mich jetzt auf den Weg machen,Ich muss jetzt wegrutschen.
0,This man is a phoney.,Dieser Mann ist ein Schwindler,Dieser Mann ist ein Phoney.
0,Doesn't Kate look gorgeous?,Sieht Kate nicht umwerfend aus?,Sieht Kate nicht wunderschön aus?
0,He just scraped into college.,Er hat es gerade so ins College geschafft,Er kratzte gerade das College.
0,Shall I zip you up ?,Soll ich den Reißverschluss für dich schließen?,Soll ich dich aufrollen?
0,Are these real diamonds or paste?,Sind das echte Diamanten oder Kopien?,Sind diese echten Diamanten oder Paste?
0,Do I look absurd in this hat?,Schau ich mit diesem Hut absurd aus?,Sehe ich in diesem Hut absurd aus?
0,Gods determine what you're going to be.,Die Götter bestimmen was aus dir wird,"Götter bestimmen, was Sie sein werden."
0,I wrote this sappy love song.,Ich habe dieses kitschige Liebeslied geschrieben,Ich habe dieses saftige Liebeslied geschrieben.
0,He then descends to chop suey.,Er ging über zu Chop Suey,"Dann steigt er ab, um Suey zu hacken."
0,It was a jest rather than a reproach.,Es war eher ein Scherz als ein Vorwurf,Es war eher ein Scherz als ein Vorwurf.
0,He just couldn't shake it off.,Er konnte es einfach nicht loswerden,Er konnte es einfach nicht abschütteln.
0,I pine for the countryside.,Ich sehne mich nach der Natur,Ich kiefere für die Landschaft.
0,He had to bone up on his French.,Er musste an seinem Französisch arbeiten,Er musste auf seinem Französisch steigen.
0,I have a feeling he'll come.,"Ich habe das Gefühl, dass er kommen wird","Ich habe das Gefühl, dass er kommen wird."
0,He's my senior by three years.,Er ist drei Jahre älter als ich,Er ist drei Jahre lang mein Senior.
0,Bung your coat anywhere.,Schmeiß deinen Mantel irgendwo hin,Stecke deinen Mantel überall.
0,Lay off bullying Jack.,Hör auf Jack zu mobben,Legen Sie Mobbing Jack ab.
0,There's no pat answer to that.,Darauf gibt es keine einfache Antwort,Darauf gibt es keine Pat -Antwort.
0,She gave a chuckle of delight.,Sie kicherte vor Vergnügen,Sie kicherte Freude.
0,That man gave her a dose of opium.,Dieser Mann verabreichte ihr etwas Opium,Dieser Mann gab ihr eine Dosis Opium.
0,The party was a real booze - up.,Diese Party war ein wahres Besäufnis,Die Party war ein echter Alkohol - hoch.
0,How impudent u are to say such a thing.,Wie unverschämt von dir so etwas zu sagen,"Wie frech du bist, so etwas zu sagen."
0,I was just phoning up for a chat.,Ich habe nur angerufen um zu reden,Ich habe mich nur für einen Chat angerufen.
0,Does that old car still earn its keep?,Verdient dieses alte Auto noch immer seinen Unterhalt?,Verdient dieses alte Auto immer noch seinen Aufbewahrung?
0,I'm after a tie to go with this shirt.,Ich suche nach einer Krawatte die zu diesem Hemd passt,Ich bin nach einer Krawatte nach diesem Hemd.
0,I've got no will power.,Ich habe keine Willenskraft,Ich habe keine Willenskraft.
0,Thanks for washing my pj's honey.,"Danke Liebling, dass du meine Pyjamas gewaschen hast","Danke, dass du den Honig meines PJ gewaschen hast."
0,I want it with lettuce instead of peas.,Ich möchte gerne einen Salat anstelle von Erbsen,Ich möchte es mit Salat anstelle von Erbsen.
0,He had to prove himself all over again.,Er musste sich selbst erneut beweisen,Er musste sich noch einmal beweisen.
0,A big clap for our last contestant!,Einen großen Applaus für unseren letzten Teilnehmer!,Ein großer Klatschen für unseren letzten Kandidaten!
0,She tried to do away with herself.,Sie versuchte Selbstmord zu begehen,Sie versuchte mit sich selbst zu beseitigen.
0,She's one snappy dresser.,Sie kleidet sich ziemlich flott,Sie ist eine bissige Kommode.
0,My roommate just got a Mac.,Mein Mitbewohner hat sich einen Mac gekauft,Mein Mitbewohner hat gerade einen Mac.
0,Don't give me that jazz!,Lüg mich nicht an!,Gib mir diesen Jazz nicht!
0,She certainly lives life to the full.,Sie macht definitiv das Beste auf dem Leben,Sie lebt auf jeden Fall das Leben in vollen Zügen.
0,They trampled his flowers out of spite.,Sie haben seine Blumen aus Trotz zertrampelt,Sie trampelten seine Blumen aus Trotz.
0,A tale of a woman fighting back?,Eine Geschichte über eine Frau die sich zur Wehr setzt?,"Eine Geschichte einer Frau, die sich wehrt?"
0,Who's been fooling with the radio dial?,Wer hat den Radio verstellt?,Wer hat mit dem Radio -Zifferblatt täuscht?
0,You have to grub up the roots.,Du musst die Wurzeln ausgraben,Sie müssen die Wurzeln aufbauen.
0,He got the boot.,Er wurde entlassen,Er bekam den Stiefel.
0,They don't have a prayer of winning.,Sie haben keine Chance,Sie haben kein Gewinngebet.
0,It annoys me when you fidget!,Es nervt mich wenn du herumzappelst!,"Es nervt mich, wenn du zappst!"
0,My brother is a little terror.,Mein Bruder ist ein kleiner Quälgeist,Mein Bruder ist ein kleiner Terror.
0,I parted with him for his dishonesty.,Ich habe mich von ihm getrennt weil er unehrlich war,Ich trennte mich für seine Unehrlichkeit.
0,You need to barber that beard of yours.,Bei deinem Bart brauchst du einen Barbier,Sie müssen Ihren Bart von Ihnen brüllen.
0,Who's filched my pencils?,Wer hat meine Stifte gestohlen?,Wer hat meine Bleistifte gefilmt?
0,You wanna tap out?,Möchtest du aufgeben?,Willst du aussteigen?
0,I'll bet they have yummy ice cream.,"Ich wette, dass sie köstliches Eis haben","Ich wette, sie haben leckeres Eis."
0,Stop being such a snob.,Hör auf so ein Snob zu sein,"Hör auf, so ein Snob zu sein."
0,I think my watch is bust.,"Ich denke, dass meine Uhr kaputt ist","Ich denke, meine Uhr ist Büste."
0,"Keep flax from fire,youth from gaming.",Halte den Lein fern vom Feuer und die Jugend fern vom Spiel,"Halten Sie Flachs vom Feuer ab, Jugendliche vom Spielen."
0,"And, quite frankly, I just let rip.",Wenn ich ehrlich bin ließ ich den Dingen ihren Lauf,Und ehrlich gesagt lasse ich einfach RIP.
0,It's time we dug up those potatoes.,"Es wird Zeit, dass wir die Kartoffeln ausgraben","Es ist Zeit, dass wir diese Kartoffeln ausgegraben haben."
0,The frost has blighted my crops.,Der Frost hat meine Ernte verdorben,Der Frost hat meine Ernte geschmückt.
0,He had to wriggle his way out.,Er musste sich aus der Affäre ziehen,Er musste sich seinen Weg draußen wanden.
0,I ought make hay while the sun shines.,Ich muss die Gunst der Stunde nutzen,"Ich sollte Heu machen, während die Sonne scheint."
0,Won't you have a piece of fudge?,Wirst du dir kein Karamellbonbon nehmen?,Willst du kein Stück Fudge haben?
0,He will wed that waitress next month.,Er wird diese Kellnerin nächstes Monat heiraten,Er wird diese Kellnerin nächsten Monat heiraten.
0,What are you moaning about now?,Worüber regst du dich jetzt auf?,Worüber stöhnst du jetzt?
0,You push and I'll pull.,Du drückst und ich ziehe,Du drückst und ich werde ziehen.
0,Here's his page in the yearbook!,Hier ist seine Seite in dem Jahrbuch,Hier ist seine Seite im Jahrbuch!
0,I can't find my baggage.,Ich kann mein Gepäck nicht finden,Ich kann mein Gepäck nicht finden.
0,Life's too short to sit around moping.,Das Leben ist zu kurz um trübselig rumzusitzen,"Das Leben ist zu kurz, um herumzusitzen."
0,He fell into a swoon yesterday.,Er ist gestern in Ohnmacht gefallen,Er fiel gestern in eine Ohnmacht.
0,He is chary of speech.,Er geht vorsichtig mit der Sprache um,Er ist chary der Sprache.
0,My own stupidity lost me the match.,"Meine eigene Dummheit führte dazu, dass ich das Match verloren habe",Meine eigene Dummheit hat mich das Match verloren.
0,Georgy Porgy was a naughty boy.,Georgy Porgy war ein unartiger Bub,Georgy Porgy war ein ungezogener Junge.
0,Have you heard the glad tidings?,Hast du die frohe Botschaft gehört?,Hast du die frohen Botschaft gehört?
0,Give me a boost over the fence.,Hilf mir über den Zaun zu klettern,Gib mir einen Schub über den Zaun.
0,Cross me and you'll regret it.,Stell dich mir in den Weg und du wirst es bereuen,Überquere mich und du wirst es bereuen.
0,He finagled me out of my property.,Er hat mich um mein Eigentum betrogen,Er hat mich aus meinem Eigentum geflossen.
0,All steamed up over the real thing.,Alle haben sich über das Original aufgeregt,Alles in der Realität gedämpft.
0,Why can't they leave my pussy alone?,Warum können sie mein Kätzen nicht einfach in Ruhe lassen?,Warum können sie meine Muschi nicht alleine lassen?
0,We decided to give it a whirl.,Wir entschieden uns es auszuprobieren,"Wir haben uns entschlossen, es zu wirbeln."
0,She would be crushed between them.,Sie würde zwischen ihnen zerquetscht werden,Sie würde zwischen ihnen niedergeschlagen werden.
0,I've got a job in the bag.,Ich habe einen Job in der Tasche,Ich habe einen Job in der Tasche.
0,It was a moment of madness.,Es war der Wahnsinn,Es war ein Moment des Wahnsinns.
0,Don't use your credit card willy-nilly.,Verwende deine Kreditkarte nicht willkürlich,Verwenden Sie Ihre Kreditkarte nicht Willy Nill.
0,Those children are thoroughly spoilt!,Diese Kinder sind völlig verwöhnt,Diese Kinder sind gründlich verwöhnt!
0,Her heart gave an unsteady lurch.,Ihr Herz schlug unregelmäßig,Ihr Herz gab einen unsicheren Stich.
0,The football game is yours.,Das Fußballspiel gehört dir,Das Fußballspiel gehört dir.
0,Is this a safety razor blade?,Ist das eine Sicherheitsrasierklinge?,Ist das eine Sicherheitsrasierklinge?
0,These are unquestionable facts.,Das sind unbestreitbare Fakten,Dies sind unbestreitbare Tatsachen.
0,I gotta get outta here!,Ich muss hier raus!,Ich muss hier rauskommen!
0,All their advice was swept aside.,All ihre Ratschläge wurden ignoriert,Alle ihre Ratschläge wurden beiseite gefegt.
0,He's pranged his new bike.,Er hat sein neues Fahrrad geschrottet,Er hat sein neues Fahrrad abgebaut.
0,I always cry when I'm chopping onions.,Ich weine jedes Mal wenn ich Zwiebeln schneide,"Ich weine immer, wenn ich Zwiebeln hacke."
0,Can't you give me a straight yes or no?,Kannst du nicht einfach Ja oder Nein sagen?,Kannst du mir nicht ein klares Ja oder nein geben?
0,Bugger it! I've burnt the toast.,Zum Teufel damit! Ich habe den Toast verbrannt,Mangel es! Ich habe den Toast verbrannt.
0,I'll enclose his letter with mine.,Ich werde seinen Brief mit meinem umhüllen,Ich werde seinen Brief mit meinem beischließen.
0,Sweeney Todd: How about a shave?,Wie wärs mit einer Rasur?,Sweeney Todd: Wie wäre es mit einer Rasur?
0,The Pasha's overseer struck my father.,Der Aufseher des Paschas schlug meinen Vater,Der Aufseher des Paschas traf meinen Vater.
0,He was selfish and uncaring.,Er war eigensinnig und kaltschnäuzig,Er war egoistisch und lieblos.
0,My car only has a puny little engine.,Mein Auto hat nur einen kleinen mickrigen Motor,Mein Auto hat nur einen mickrigen kleinen Motor.
0,I'm going to play you a Bach fugue.,Ich spiele eine Fuge von Bach für dich,Ich werde dir eine Bach -Fuge spielen.
0,Her face crinkled up in disgust.,Ihr Gesicht runzelte sich vor Empörung,Ihr Gesicht riss angewidert.
0,I've blown a fuse.,Ich wurde ziemlich wütend,Ich habe eine Sicherung geblasen.
0,What the heck is that?,Was zur Hölle ist das?,Was zur Hölle ist das?
0,Her new dress fits her like a glove.,Ihr neues Kleid passt ihr wie angegossen,Ihr neues Kleid passt zu ihr wie ein Handschuh.
0,They gave us a hearty wel-come.,Sie bereiteten uns einen herzlichen Empfang,Sie gaben uns ein herzhaftes Welken.
0,He spewed up all over my jacket.,Er hat sich auf meine ganze Jacke übergeben,Er spuckte über meine Jacke.
0,Whatever made him buy that jacket?,Was hat ihn dazu gebracht diese Jacke zu kaufen?,"Was hat ihn dazu gebracht, diese Jacke zu kaufen?"
0,The lamb was a puny little thing.,Das Lamm war klein und kümmerlich,Das Lamm war eine mickrige kleine Sache.
0,Prejudice is the child of ignorance,Vorurteile sind die Kinder der Ignoranz,Vorurteile sind das Kind der Unwissenheit
0,It'll do the trick.,Es wird funktionieren,Es wird den Trick machen.
0,Don't let your dreams just be dreams.,Lass deine Träumen nicht nur Träume sein,Lass deine Träume nicht nur Träume sein.
0,Saturday night at the dance hall.,Samstag Abend bei der Tanzhalle,Samstagabend in der Tanzhalle.
0,Don't sweat Vanessa; she's an adult.,"Mach dir keine Sorgen um Vanessa, sie ist eine Erwachsene",Schwitzen Sie nicht Vanessa; Sie ist eine Erwachsene.
0,Drinks were the overture to dinner.,Die Getränke waren die Einleitung für das Abendessen,Getränke waren die Ouvertüre zum Abendessen.
0,Mustn't blot my copybook by being late.,Ich darf meinen Ruf nicht beschmutzen in dem ich zu spät komme,Ich darf mein Exemplar nicht verspätet haben.
0,Fate has willed it otherwise.,Das Schicksal wollte es anders,Das Schicksal hat es sonst gewollt.
0,I've been with my girl for nine years.,Ich bin mit meinem Mädchen seit neun Jahren zusammen,Ich bin seit neun Jahren bei meinem Mädchen.
0,Phoebe needs a new kitchen maid.,Phoebe braucht ein neues Dienstmädchen,Phoebe braucht eine neue Küchenmädchen.
0,She decamped with a lover.,Sie machte sich mit einem Liebhaber aus dem Staub,Sie entkämpfte mit einem Liebhaber.
0,He fell over himself for fame.,Er hat sich seinem Ruhm hingegeben,Er fiel wegen Ruhmes über sich.
0,John is a true sister under the skin.,John ist ein Feminist,John ist eine wahre Schwester unter der Haut.
0,How I spend my money is my affair.,Wie ich mein Geld ausgebe ist meine Angelegenheit,"Wie ich mein Geld ausgehe, ist meine Angelegenheit."
0,That lamp's shining in my eyes.,Diese Lampe blendet mich,Diese Lampe scheint in meinen Augen.
0,Her accent betrays her a Londoner.,Ihr Akzent lässt sie wie eine Londonerin wirken,Ihr Akzent verrät ihr einen Londoner.
0,Don't shoot I surrender.,"Schieß nicht, ich ergebe mich","Schieß nicht, ich erging mir."
0,You can scratch my name off the list.,Du kannst meinen Namen von der Liste streichen,Sie können meinen Namen von der Liste kratzen.
0,Have you no shame?,Schämst du dich gar nicht?,Hast du keine Schande?
0,"Bright, dolorous, sonsy and memorable.","Heiter, trauernd, glücklich und unvergesslich","Hell, dolorös, einy und unvergesslich."
0,She has the makings of a good lawyer.,Sie hat das Zeug zu einem guten Anwalt,Sie hat das Zeugnis eines guten Anwalts.
0,That frock shows your petticoat.,Dieses Kleid lässt deinen Unterrock hervortreten,Dieses Kleid zeigt Ihren Petticoat.
0,Hel - lo! Hel - lo! Where are you from?,"Hallo, woher kommst du?",Hallo! Hallo! Woher kommst du?
0,He's a plastic surgeon,Er ist ein Facharzt für plastische Chirurgie,Er ist ein plastischer Chirurg
0,It all makes $377 seem a bargain.,Das alles lässt 377 Dollar wie ein Schnäppchen wirken,Alles lässt 377 US -Dollar ein Schnäppchen erscheinen.
0,It has been a phoney war.,Es war ein künstlicher Krieg,Es war ein falscher Krieg.
0,Bet you wish you'd arrived earlier.,"Ich wette du wünscht dir, dass du früher angekommen wärst","Ich wünschte, Sie hätten früher angekommen."
0,He wants to put a bug in her ear.,Er will ihr einen Hinweis geben,Er will einen Käfer in ihr Ohr legen.
0,Who the heck are you?,Wer zur Hölle bist du?,Wer zum Teufel bist du?
0,She doled him out a plateful of stew.,Sparsam teilte sie ihm einen Teller voller Eintopf aus,Sie dolierte ihn einen Teller Eintopf.
0,Opportunity makes the thief.,Gelegenheit macht den Dieb,Gelegenheit macht den Dieb.
0,Don't tread your ash into my carpet!,Tritt deine Asche nicht in meinen Teppich! ,Treten Sie Ihre Asche nicht in meinen Teppich!
0,Stand by for our Christmas competition.,Bleib da für unseren Weihnachtswettbewerb,Stellen Sie sich für unseren Weihnachtswettbewerb bereit.
0,Wake up the sleeping giant in you,Erwecke den schlafenden Giganten in dir,Wach den schlafenden Riesen in dir auf
1,I'm not going to take this crap any more.,Ich werde mir diesen Mist nicht mehr antun,Ich werde diesen Mist nicht mehr aufnehmen.
1,The new movie is a killer.,Dieser neue Film ist ein Killer,Der neue Film ist ein Killer.
1,Her nerves were stretched to breaking point.,Ihre Nerven wurden bis zum Zusammenbruch strapaziert,Ihre Nerven wurden bis zum Bruchpunkt gestreckt.
1,Being totally alone is my idea of hell on earth.,Vollkommen alleine zu sein ist meine Vorstellung von der Hölle auf Erden,Ganz allein zu sein ist meine Vorstellung von der Hölle auf Erden.
1,I nearly died of shame!,Ich bin fast vor Scham gestorben!,Ich bin fast vor Scham gestorben!
1,My patience is almost worn away by their endless quarrel.,Meine Geduld mit ihrem endlosen Streit ist beinahe aufgebraucht,Meine Geduld wird fast durch ihren endlosen Streit abgenutzt.
1,The island is truly a heaven on earth.,Die Insel ist wahrlich der Himmel auf Erden,Die Insel ist wirklich ein Himmel auf Erden.
1,Your son's a little demon.,Dein Sohn ist ein kleiner Dämon,Dein Sohn ist ein kleiner Dämon.
1,He has an endless supply of corny jokes.,Er hat einen unendlichen Vorrat an blöden Witzen,Er hat einen endlosen Vorrat an kitschigen Witzen.
1,His last film was hysterical.,Sein letzter Film war hysterisch,Sein letzter Film war hysterisch.
1,Only an idiot would do that.,Nur ein Idiot würde sowas machen,Nur ein Idiot würde das tun.
1,I couldn't understand a single word she said!,Ich konnte kein einziges Wort verstehen das sie gesagt hat!,"Ich konnte kein einziges Wort verstehen, das sie sagte!"
1,Something seemed to tighten and die inside her.,Etwas schien sich zu verengen und innerlich zu sterben,Etwas schien sich zu straffen und in ihr zu sterben.
1,He carried on his life in the full glare of publicity.,Er führte sein Leben im öffentlichen Rampenlicht fort,Er führte sein Leben im vollen Blick der Werbung.
1,Youth means limitless possibilities.,Jugend bedeutet unendliche Möglichkeiten,Jugend bedeutet grenzenlose Möglichkeiten.
1,Nothing could have been more repugnant to him.,Es gibt nichts was für ihn noch abstoßender gewesen wäre,Nichts hätte ihm abstoßender sein können.
1,Many words cut [hurt] more than swords,Einige Wörter schmerzen mehr als Schwerte,Viele Wörter schneiden mehr als Schwerter als Schwerter
1,His fans agree that chef Julian 's food is beyond compare.,"Die Fans von Chefkoch Julian stimmen überein, dass sein Essen konkurrenzlos ist","Seine Fans sind sich einig, dass das Essen von Chef Julian nicht vergleichen ist."
1,Yet we must never underestimate sin's deadliness.,Trotzdem dürfen wir nie die Tödlichkeit der Sünde unterschätzen,Dennoch dürfen wir niemals die Tödlichkeit der Sünde unterschätzen.
1,He is probably up to his neck in debt.,Er steckt möglicherweise bis zum Hals in Schulden,Er ist wahrscheinlich schulden zu seinem Nacken.
1,He is plunging into an abyss of despair.,Er fällt in einen Abgrund voller Verzweiflung,Er stürzt in einen Abgrund der Verzweiflung.
1,But it takes a life time to forget sb.,Es braucht ein ganzes Leben um jemanden zu vergessen,"Aber es braucht eine Lebenszeit, um SB zu vergessen."
1,He's made an absolute shambles of his career.,Er hat seine Karriere in ein einziges Chaos verwandelt,Er hat absolute Trümmer seiner Karriere gemacht.
1,I was all of a sweat before the exam.,Ich war schweißgebaded vor der Prüfung,Ich war vor der Prüfung ein Schweiß.
1,Gosh! My muscles is going to ache all over tomorrow.,Verdammt! Meine Muskeln werden morgen überall wehtun,Meine Güte! Meine Muskeln werden morgen überall schmerzen.
1,From the sublime to the ridiculous is only one step,Es ist nur ein Schritt vom Großartigen zum Lächerlichen,Von der Erhabenen bis zum Lächerlichen ist nur ein Schritt
1,A walk in the fresh air will pep me up.,Ein Spaziergang in der frischen Luft wird mich aufpäppeln,Ein Spaziergang in der frischen Luft wird mich aufschlagen.
1,Beauty lies in the love's eyes.,Schönheit liegt im Auge des Betrachters,Schönheit liegt in den Augen der Liebe.
1,It drives me up the wall.,Es lässt mich die Wand hochgehen,Es treibt mich die Wand hoch.
1,"Standing there, on top of the world, my tiredness vanished.",Als ich ganz oben gestanden bin ist meine Müdigkeit verschwunden,"Als ich dort stand, ist meine Müdigkeit auf der Welt."
1,"If one day I can forget you, how I wish is now.","Sollte ich dich eines Tages vergessen können wünschte ich, dass dieser Tag der Heutige wäre","Wenn ich eines Tages dich vergessen kann, wie ich es mir wünsche, ist es jetzt."
1,So much for complete bloody control.,So viel zum Thema komplette verdammte Kontrolle,Soviel zur vollständigen blutigen Kontrolle.
1,The novel spun a miasma of death and decay.,Der Roman sorgte für einen Gestank von Tod und Verwesung,Der Roman drehte ein Miasma des Todes und des Verfalls.
1,Her illness was Nature's way of telling her to do less.,"Ihre Krankheit war die Art und Weise wie die Natur ihr mitteilen wollte, dass sie weniger tun soll","Ihre Krankheit war die Art der Natur, ihr zu sagen, sie solle weniger tun."
1,Her children's death is a fatal blow on her.,Der Tod ihres Kindes ist ein tödlicher Schlag für sie,Der Tod ihrer Kinder ist ein tödlicher Schlag für sie.
1,Get out! Or she'll zap you into a frog!,Hau ab! Sonst wird sie dich in eine Frosch verwandeln!,Geh raus! Oder sie wird dich in einen Frosch zappen!
1,Therefore the Venetian world makes him their scapegoat.,Deshalb macht ihn die venezianische Welt zu ihrem Sündenbock,Deshalb macht ihn die venezianische Welt zu ihrem Sündenbock.
1,You mean the world to me.,Du bist mein Ein und Alles,Du bedeutest die Welt für mich.
1,That's a lot/a load of bull!,Das ist großer Quatsch,Das ist viel/eine Ladung Bulle!
1,That political statesman is full of ambition.,Dieser politische Staatsmann ist voller Ambitionen,Dieser politische Staatsmann ist voller Ehrgeiz.
1,Peter let the bottle ruin his life.,Peter ließ sich sein Leben von der Flasche ruinieren,Peter ließ die Flasche sein Leben ruinieren.
1,I've never been so glad to see anyone in my life!,Ich war noch nie in meinem Leben so froh jemanden zu sehen!,"Ich war noch nie so froh, jemanden in meinem Leben zu sehen!"
1,It a disease which threatens to eradicate them all.,Es ist eine Krankheit die droht sie alle auszurotten,"Es ist eine Krankheit, die droht, sie alle auszurotten."
1,He's a perfect philistine.,Er ist der perfekte Philister,Er ist ein perfekter Philister.
1,"No act of kindness, no matter how small, is ever wasted","Keine gute Tat, egal wie klein, ist je eine Verschwendung","Kein Akt der Güte, egal wie klein, wird jemals verschwendet"
1,There is nothing more truly artistic than to love people,Es gibt nichts kunstvolleres als die Liebe zu anderen Menschen,"Es gibt nichts wirklich künstlerischeres, als Menschen zu lieben"
1,Her skull was crammed with too many thoughts.,Ihr Schädel war vollgestopft mit zu vielen Gedanken,Ihr Schädel war mit zu vielen Gedanken zusammengefasst.
1,He was a bureaucrat to the core.,Er war ein Bürokrat bis in seinen Kern,Er war ein Bürokraten im Kern.
1,The sheer audacity of the man took my breath away.,Die schiere Dreistigkeit des Mannes raubte mir den Atem,Die schiere Kühnheit des Mannes holte mir den Atem.
1,They kissed each other with unashamed delight.,Sie küssten sich mit schamlosen Vergnügen,Sie küssten sich gegenseitig mit ungeräuchter Freude.
1,It's hot enough to melt hell!,Es ist heiß genug um die Hölle zu schmelzen!,"Es ist heiß genug, um die Hölle zu schmelzen!"
1,She's as pretty as a picture.,Sie ist bildhübsch,Sie ist so hübsch wie ein Bild.
1,She felt fenced in by domestic routine.,Sie fühlte sich eingezäunt durch die alltägliche Hausarbeit ,Sie fühlte sich von häuslicher Routine eingezäunt.
1,He's a poor liar; anyone can see through him.,"Er ist ein schlechter Lügner, jeder kann durch ihn hindurchsehen",Er ist ein armer Lügner; Jeder kann durch ihn sehen.
1,She's always whingeing about how unfair everything is.,Sie jammert immer darüber wie ungerecht alles ist,"Sie macht immer darüber, wie unfair alles ist."
1,The battle/election was a complete and utter rout.,Die Wahl war eine heillose Niederlage ,Die Schlacht/Wahl war ein vollständiger und völliger Rout.
1,The paddy field becomes the sea of love and joy.,Das Reisfeld wird zum Meer der Freude und Hoffnung,Das Reisfeld wird zum Meer der Liebe und Freude.
1,Latin is a dead language.,Latein ist eine tote Sprache,Latein ist eine tote Sprache.
1,She's an incorrigible flirt!,Sie ist einfach unverbesserlich!,Sie ist ein unverbesserlicher Flirt!
1,That sharp bend is a death-trap for motorists.,Diese scharfe Kurve ist eine Todesfalle für Autofahrer,Diese scharfe Kurve ist eine Todesfalle für Autofahrer.
1,They lived in hourly dread of discovery.,Sie lebten mit der ständigen Furcht entdeckt zu werden,Sie lebten in stündlichen Angst vor Entdeckung.
1,He seems to think he's God's gift to women.,"Er scheint zu denken, dass er Gottes Geschenk an die Frauen ist","Er scheint zu glauben, er sei Gottes Geschenk an Frauen."
1,He was totally without imagination.,Er hatte absolut keine Vorstellungskraft,Er war völlig ohne Vorstellungskraft.
1,They looked at me as if I had taken leave of my senses.,Sie schauten mich an als wäre ich nicht mehr bei Sinnen gewesen,"Sie sahen mich an, als hätte ich meine Sinne verabschiedet."
1,Nothing was divine any more; everything was profane.,"Nichts mehr wahr heilig, alles war gottlos",Nichts war mehr göttlich; Alles war profan.
1,I tried to drag myself out of the morass of despair.,Ich versuchte mich selbst aus dem Morast der Verzweiflung zu ziehen,Ich versuchte mich aus dem Morast der Verzweiflung zu ziehen.
1,All that trading and subterfuge is exhausting.,Der ganze Handel und die ganze Täuschung sind sehr anstrengend,All dieser Handel und die Unterfuge ist anstrengend.
1,He's so angry he's in no fit state to see anyone.,"Er ist so wütend, dass er nicht im Zustand ist um irgendjemanden zu treffen","Er ist so wütend, dass er in keinem fitigen Zustand ist, um jemanden zu sehen."
1,I couldn't repress a sigh of admiration.,Ich konnte meinen Seufzer der Bewunderung nicht unterdrücken,Ich konnte keinen Seufzer der Bewunderung unterdrücken.
1,The beauty of the scenery bedazed all of us.,Die Schönheit der Landschaft benebelte uns alle,Die Schönheit der Landschaft hat uns alle zusammengeschlagen.
1,His remark was meant as a shot at me.,Seine Anmerkung diente einem auf mich bezogenen Angriff ,Seine Bemerkung war als Schuss auf mich gemeint.
1,He would stoop to any device to win a point.,Er würde zu allen Mitteln greifen um etwas zu beweisen,"Er würde sich zu jedem Gerät bücken, um einen Punkt zu gewinnen."
1,Each creak of the house made my heart stand still.,Jedes Knarren im Haus führte bei mir zu einem Herzstillstand,Jedes Knarren des Hauses ließ mein Herz still stehen.
1,Even the presidency was handed to him on a plate.,Selbst die Präsidentschaft wurde ihm auf dem Teller serviert,Sogar die Präsidentschaft wurde ihm auf einem Teller übergeben.
1,His face burned with shame.,Die Verlegenheit war ihm ins Gesicht geschrieben,Sein Gesicht brannte vor Scham.
1,Never was anything at once so frail and so indomitable.,Noch nie war etwas gleichzeitig so zart und so unbeugsam,Nie war etwas auf einmal so gebrechlich und unbezwingbar.
1,Sport became the perfect outlet for his aggression.,Sport wurde das perfekte Ventil für seine Aggressionen,Sport wurde zum perfekten Ausgang für seine Aggression.
1,The rain sliced my neck like a miniature guillotine.,Der Regen schnitt meinen Nacken wie eine kleine Guillotine,Der Regen schnitt meinen Hals wie eine Miniaturguillotine.
1,The place was a powder keg.,Dieser Ort war ein Pulverfass,Der Ort war ein Pulverfass.
1,The answer had come to him in a flash.,Die Antwort kam ihm wie vom Blitz getroffen,Die Antwort war blitzschnell zu ihm gekommen.
1,Her summer collection took the fashion world by storm.,Ihre Sommerkollektion sorgte für großes Aufsehen in der Modewelt,Ihre Sommerkollektion eroberte die Modewelt im Sturm.
1,He's so lazy it's unbelievable.,"Er ist so faul, es ist nicht zu glauben","Er ist so faul, dass es unglaublich ist."
1,The media has made unfeeling voyeurs of all of us.,Die Medien haben uns alle in gefühlskalte Glotzer verwandelt,Die Medien haben von uns allen gefühllosen Voyeuren gemacht.
1,Three times he watched his first mate get blown to bits.,Drei Mal sah er wie sein nautischer Offizier in Einzelteile zerfetzt wurde,"Dreimal sah er zu, wie sein erster Kumpel in Stücke geblasen wurde."
1,She'd do anything to save her own hide.,Sie würde alles tun um sich selbst zu retten,"Sie würde alles tun, um ihr eigenes Versteck zu retten."
1,Chuck's acting like a complete dick.,Chuck verhält sich wie ein kompletter Depp,Chuck benimmt sich wie ein kompletter Schwanz.
1,My grandmother always babbles about trifles.,Meine Oma labert immer über Belanglosigkeiten,Meine Großmutter plappert immer über Kleinigkeiten.
1,What the bloody hell do you think you're doing?,Was zur verdammten Hölle denkst du eigentlich was du da machst?,"Was zum Teufel, den du denkst du, machst du?"
1,I could cheerfully have killed him when he said that .,Ich hätte ihn am liebsten umgebracht als er das gesagt hat,"Ich hätte ihn fröhlich töten können, als er das sagte."
1,Laughter is the sun that drives winter from the human face,"Ein Lächeln ist die Sonne, die den Winter aus dem menschlichen Gesicht vertreibt","Lachen ist die Sonne, die den Winter aus dem menschlichen Gesicht treibt"
1,April hath put a spirit of youth in everything,April hat den Geist der Jugend überall reingebracht,April hat einen Geist der Jugend in alles gesetzt
1,Imagine the abominable age we live in!,Stell dir das abscheuliche Zeitalter vor in dem wir leben!,"Stellen Sie sich das abscheuliche Alter vor, in dem wir leben!"
1,Her mood was blacker than ever.,Ihre Stimmung war getrübter als je zuvor,Ihre Stimmung war schwarzer als je zuvor.
1,The man who never reads lives only one,Der Mann der nicht liest lebt nur ein Leben,"Der Mann, der nie liest, lebt nur einen"
1,She blazed with impotent rage.,Sie brannte vor ohnmächtiger Wut,Sie lud mit impotenter Wut.
1,That decision was sheer stupidity.,Diese Entscheidung war eine reine Dummheit,Diese Entscheidung war schiere Dummheit.
1,Truth is more of a stranger than fiction,Die Wahrheit ist befremdlicher als die Fiktion,Die Wahrheit ist eher ein Fremder als eine Fiktion
1,The icy chill ate into my bones.,Die eisige Kälte biss sich in meine Knochen,Die eisige Kälte aß in meine Knochen.
1,Would that not be fiscal philandering of the worst kind?,Wäre das kein Finanzbetrug der schlechtesten Sorte?,Wäre das nicht steuerliche Philanderung der schlimmsten Art?
1,The state of our roads is a national disgrace.,Der Zustand unserer Straßen ist eine Schande für unser Land,Der Zustand unserer Straßen ist eine nationale Schande.
1,The wise hand doth not all that the foolish mouth speaks,Die weise Hand macht nicht alles was der dumme Mund spricht,"Die weise Hand ist nicht alles, was der dumme Mund spricht"
1,You hit the nail on the head about him: he is a con artist.,"Du hast den Nagel auf den Kopf getroffen im Bezug auf ihn, er ist ein Hochstapler",Du hast den Nagel auf den Kopf über ihn geschlagen: Er ist ein Betrüger.
1,I was so shocked I went numb.,Ich befand mich in Schockstarre,"Ich war so schockiert, dass ich taub wurde."
1,That guy was so creepy that he made my flesh crawl.,"Dieser Typ war so unheimlich, dass ich eine Gänsehaut bekam","Dieser Typ war so gruselig, dass er mein Fleisch kriechen ließ."
1,All the things I can't erase from my life.,"All die Dinge, die ich nicht ungeschehen machen kann","All die Dinge, die ich nicht aus meinem Leben löschen kann."
1,She's the incarnation of everything I hate about politics.,Sie ist der Inbegriff von allem was ich an der Politik hasse,"Sie ist die Inkarnation von allem, was ich an Politik hasse."
1,She has to face the brutal reality.,Sie muss der brutalen Realität ins Auge sehen,Sie muss sich der brutalen Realität stellen.
1,All is fair in love and war,Im Krieg und der Liebe ist alles erlaubt,In der Liebe und im Krieg ist alles erlaubt
1,The 1954 finals verged on the surreal.,Das Finale im Jahr 1954 war beinahe nicht von dieser Welt,Das Finale von 1954 richtete sich auf die Surreal.
1,Tim can mend any broken toy.,Tim kann jedes kaputte Spielzeug reparieren,Tim kann jedes gebrochene Spielzeug reparieren.
1,Can taste the sanctity and wonder of love!,Ich kann die Unantastbarkeit und das Wunder der Liebe kosten,Kann die Heiligkeit und das Wunder der Liebe schmecken!
1,The medicine went through me like a dose of salts.,Die Medizin ging sehr schnell durch mich hindurch,Die Medizin ging wie eine Dosis Salze durch mich.
1,The beauty of the sunset fille everybody with rapture.,Die Schönheit des Sonnenuntergangs erfüllt jeden mit Begeisterung,Die Schönheit des Sonnenuntergangs füllt alle mit Entrückung.
1,I fall in love with you at first sight.,Ich verliebe mich auf den ersten Blick in dich,Ich verliebe mich auf den ersten Blick in dich.
1,Her rude husband bawled for his dinner.,Ihr grober Ehemann grölte nach seinem Abendessen,Ihr unhöflicher Ehemann kochte sich für sein Abendessen.
1,Kanzi has established himself a true primate prodigy.,Kanzi hat sich als ein hochbegabter Primat etabliert,Kanzi hat sich ein wahres Wunderkind für Primaten etabliert.
1,We are broiling in this hot sun!,Wir kochen vor Hitze!,Wir braten in dieser heißen Sonne!
1,His muse pullulated with dizzying speed.,Seine Muse verbreitete sich mit schwindelerregender Geschwindigkeit,Seine Muse zog mit schwindelerregender Geschwindigkeit.
1,He is full of deceit.,Er ist voller Hinterlistigkeit,Er ist voller Betrug.
1,The rain turned our holiday into a veritable disaster.,Der Regen hat unseren Urlaub in ein wahrhaftiges Desaster verwandelt,Der Regen verwandelte unseren Urlaub in eine wahre Katastrophe.
1,Makes the rotten dead sit right up.,Lässt die verfaulten Toten aufrecht sitzen,Lässt die faulen Toten gleich aufs sitzen.
1,Sunday clears away the rust of the whole week,Der Sonntag entfernt den ganzen Rost der sich über die restliche Woche gebildet hat,Der Sonntag räumt den Rost der ganzen Woche weg
1,His eyes glittered with greed.,Seine Augen glänzten vor Gier,Seine Augen glitzerten vor Gier.
1,Her outrageous remarks were/went beyond all reason.,Ihre unverschämten Bemerkungen waren jenseits der Vernunft,Ihre empörenden Bemerkungen wurden/gingen über alle Gründe hinaus.
1,It was sink or swim as a classroom teacher.,Als Lehrer war es ein stetiges fressen oder gefressen werden,Es war Waschbecken oder Schwimmen als Klassenlehrer.
1,I'll remember your kindness to my dying day.,Ich werde mich an deine Freundlichkeit erinnern bis ich sterbe,Ich werde mich an Ihre Freundlichkeit zu meinem sterbenden Tag erinnern.
1,His glassy stare made my flesh creep.,Sein glasiger Blick machte mir Angst,Sein glasiges Blick ließ mein Fleisch kriechen.
1,He looked like a miniature version of his father.,Es sah aus wie die Miniatur seines Vaters,Er sah aus wie eine Miniaturversion seines Vaters.
1,All this mud's going to ruin my shoes.,All dieser Schlamm wird meine Schuhe ruinieren,All dieser Schlamm wird meine Schuhe ruinieren.
1,I muttered like a fractious housewife.,Ich murmelte wie eine mürrische Hausfrau,Ich murmelte wie eine brüchige Hausfrau.
1,Even the staunch Conservative will turn.,Selbst der eiserne Konservative wird sich umentscheiden,Sogar der überzeugte Konservative wird sich wenden.
1,Everyone for himself and let the devil take the hindmost.,Jeder ist sich selbst der Nächste,Jeder für sich selbst und ließ den Teufel das Hinterste nehmen.
1,He's squandered all his savings on drink.,Er verschwendete sein ganzes Geld für Alkohol,Er hat alle seine Ersparnisse beim Getränk verschwendet.
1,Mere words will not fill a bushel,Reden alleine wird den Behälter nicht befüllen,Nur Worte füllen keinen Scheffel
1,I've always been hopeless with machinery.,Ich war immer hoffnungslos überfordert mit den Maschinen,Ich war schon immer hoffnungslos mit Maschinen.
1,"I am just a friend,and she is your everthing.","Ich bin nur ein Freund, sie ist dein Ein und Alles",Ich bin nur eine Freundin und sie ist dein Everhitth.
1,She is a realist through and through.,Sie ist eine Realistin durch und durch,Sie ist eine Realistin durch und durch.
1,Dad will skin you alive when he sees this place!,Vater wird dich bei lebendigem Leibe häuten wenn er das hier sieht!,"Papa wird dich lebendig häuten, wenn er diesen Ort sieht!"
1,Her skin was as white as snow.,Ihre Haut war so weiß wie Schnee,Ihre Haut war so weiß wie Schnee.
1,There's no fool like an old fool,Es gibt keinen Narren der so ist wie ein alter Narr,Es gibt keinen Dummkopf wie einen alten Dummkopf
1,There was a hail of angry words.,Es hagelte wütende Worte,Es gab einen Hagel wütender Worte.
1,For the first time her veneer of politeness began to crack.,Ihre Fassade der Höflichkeit fing das erste Mal an zu zerbrechen,Zum ersten Mal begann ihre Höflichkeit zu knacken.
1,Today her eyes were as dull as a puddle.,Heute waren ihre Augen so trüb wie eine Pfütze,Heute waren ihre Augen so langweilig wie eine Pfütze.
1,I had to run like mad to catch the bus.,Ich musste wie verrückt laufen um den Bus zu erwischen,"Ich musste wie verrückt rennen, um den Bus zu fangen."
1,His essay was a hotchpotch of other people's ideas.,Sein Essay war ein Mischmasch aus den Ideen von anderen Leuten,Sein Aufsatz war ein Hotchpitch der Ideen anderer Leute.
1,Everything you cook for me is a banquet.,Alles was du für mich kochst ist ein Festmahl,"Alles, was Sie für mich kochen, ist ein Bankett."
1,Football hooliganism is now reaching epidemic proportions.,Der Hooliganismus nimmt epidemische Proportionen an,Der Fußball -Hooliganismus erreicht jetzt epidemische Ausmaße.
1,We went out and played like fury.,Wir gingen raus und spielten wie in Rage,Wir gingen raus und spielten wie Wut.
1,Being here is the fulfilment of a lifelong ambition.,Hier zu sein ist die Erfüllung einer lebenslangen Ambition,Hier zu sein ist die Erfüllung eines lebenslangen Ehrgeizes.
1,How you can be so insensitive absolutely beats me.,Wie du so unempfindlich sein kannst macht mich fertig,"Wie Sie so unempfindlich sein können, schlägt mich absolut."
1,Her arrival cast a cloud over the party.,Ihre Ankunft warf einen Schatten auf die Feier,Ihre Ankunft warf eine Wolke über die Party.
1,The next few days were a mad whirl of parties.,Die nächsten paar Tage waren ein verrücktes Gewirbel von Feiern,Die nächsten Tage waren ein verrückter Wirbel von Partys.
1,The exam paper was a piece of cake.,Die Prüfung war ein Kinderspiel,Das Untersuchungspapier war ein Kinderspiel.
1,It's enough to kill any decent woman.,Es ist genug um jede anständige Frau zu töten,"Es ist genug, um jede anständige Frau zu töten."
1,His name will always be twinned with that of our school.,Sein Name wird immer mit dem unserer Schule verwoben sein,Sein Name wird immer mit dem unserer Schule umgezogen werden.
1,We're all living in a vicious circle.,Wir leben alle in einem Teufelskreis,Wir leben alle in einem Teufelskreis.
1,Sitting here with you is heaven.,Hier mit dir zu sitzen ist der Himmel auf Erden,Hier mit dir zu sitzen ist der Himmel.
1,I crawled by my buddy and watched him draw his last breath.,Ich bin zu meinem Freund gekrochen und sah ihm zu als er seinen letzten Atemzug tat,"Ich krabbelte von meinem Kumpel und sah zu, wie er seinen letzten Atemzug zog."
1,I'm sick to death of your endless criticism.,"Ich habe es satt, dass du mich ständig kritisierst",Ich bin zu Tode von Ihrer endlosen Kritik krank.
1,The sales campaign was a total disaster.,Die Verkaufskampagne war ein völlige Katastrophe,Die Verkaufskampagne war eine totale Katastrophe.
1,All paid jobs absorb and degrade the mind,Alle bezahlten Jobs absorbieren und schwächen den Verstand,Alle bezahlten Arbeitsplätze absorbieren und degradieren den Geist
1,That's the funniest thing I've ever heard.,Das ist das Lustigste was ich je gehört habe,"Das ist das lustigste, was ich je gehört habe."
1,He'd run a mile if I asked him to marry me.,Er würde davonlaufen wenn ich ihn Frage ob er mich heiratet,"Er würde eine Meile laufen, wenn ich ihn bat, mich zu heiraten."
1,She is all of a tremble.,Sie zittert am ganzen Körper,Sie ist alles zitternd.
1,The bad news cast a pall over the evening.,Die schlechten Neuigkeiten legten einen Schleier um den Abend,Die schlechte Nachricht warf über den Abend einen Pall.
1,I'm tired of your unending complaints.,Ich habe deine ständigen Beschwerden satt,Ich habe es satt von Ihren unendlichen Beschwerden.
1,His wife waits on him hand and foot.,Seine Frau versorgt ihn mit allem was er will,Seine Frau wartet auf Hand und Fuß.
1,The proposal borders upon the absurd.,Das Angebot grenzt an den Wahnsinn,Der Vorschlag grenzt an das Absurde.
1,Turn off the damn TV!,Dreh den verdammten Fernseher ab!,Schalten Sie den verdammten Fernseher aus!
1,A mountain of melons evaporates in a wink.,Ein Berg voller Melonen verdampft im null Komma nichts,Ein Berg von Melonen verdunstet in einem Augenzwinkern.
1,The idea is stuffed with ironies.,Die Idee ist voller Ironie,Die Idee ist mit Ironien gefüllt.
1,Everything went black in the shocking folds of his embrace.,Alles wurde schwarz durch seine schockierende Erscheinung,Alles wurde schwarz in den schockierenden Falten seiner Umarmung.
1,Life is like an ice cream. Enjoy it before it melts.,Das Leben ist wie Eiscreme. Genieße es bevor es schmilzt,"Das Leben ist wie ein Eis. Genieße es, bevor es schmilzt."
1,Her steadfast belief never left her for one moment.,Ihr festgefahrener Glaube verließ sie nicht mal für einen Moment,Ihr unerschütterlicher Glaube hat sie nie für einen Moment verlassen.
1,His pride and choleric temper were to ruin him.,Sein Stolz und sein cholerisches Gemüt hätten ihn ruiniert,Sein Stolz und sein cholerisches Temperament sollten ihn ruinieren.
1,That's the guy I want to give my heart to.,Das ist der Mann dem ich mein Herz geben will,"Das ist der Typ, dem ich mein Herz geben möchte."
1,The story melted away her soul.,Die Geschichte ließ sie dahinschmelzen,Die Geschichte schmolz ihre Seele weg.
1,I worked my butt off.,Ich hab mir den Arsch aufgerissen,Ich habe meinen Hintern abgeworfen.
1,He was swallowed in darkness.,Er wurde von der Dunkelheit umhüllt,Er wurde in der Dunkelheit verschluckt.
1,You dry up and die in quest of a proof so obscure.,Du vertrocknest und stirbst wenn du etwas derart zweifelhaftes beweisen möchtest,Sie austrocknen und sterben auf der Suche nach einem so dunklen Beweis.
1,They look like stars to the naked eye.,Mit bloßem Auge sehen sie wie Sterne aus,Sie sehen aus wie Sterne zum bloßen Auge.
1,I felt like a pea on a drum.,Ich fühlte mich wie eine Erbse auf der Trommel,Ich fühlte mich wie eine Erbse auf einer Trommel.
1,All day long he does bugger all.,Er macht den ganzen Tag lang absolut nichts,Den ganzen Tag erledigt er alles.
1,She was furious - screaming bloody murder at the manager!,Sie war zornig und schrie den Manager auf extreme Weise an,Sie war wütend - schrie blutiger Mord am Manager!
1,A blank and empty future lay before me.,Eine leere und blasse Zukunft liegt vor mir,Eine leere und leere Zukunft lag vor mir.
1,The impalpable power of faith.,Die ungreifbare Macht des Schicksals,Die unkomplizierbare Kraft des Glaubens.
1,Better a bachelor's life han a slovenly wife.,Besser das Leben eines Junggesellen als eine schlampige Ehefrau,Besser das Leben eines Junggesellenhauses ist eine schlampige Frau.
1,My car goes like a bomb since I put that new engine in it.,Mein Auto geht wie eine Bombe seit ich diesen neuen Motor eingebaut habe,"Mein Auto fährt wie eine Bombe, da ich diesen neuen Motor hineingelegt habe."
1,He was sick as a parrot when his team lost the match.,Er war schwerstens enttäuscht als sein Team das Match verloren hatte,"Er war als Papagei krank, als sein Team das Match verlor."
1,Just a few words will incite him into action.,Er braucht nur ein paar Worte um zum handeln angetrieben zu werden,Nur ein paar Worte werden ihn zum Taten führen.
1,Theres an angel missin from the heaven n tat angel is u!,"Dem Himmel ist ein Engel abhanden gekommen, dieser Engel bist du!",Es gibt einen Engelsmissin vom Himmel und Tat Engel ist du!
1,Pride is the mask of one's own faults,Hochmut macht Blind für die eigenen Schwächen,Stolz ist die Maske der eigenen Fehler
1,She nearly always pulls for the underdog.,Sie hält fast immer auf den Außenseiter,Sie zieht fast immer für den Außenseiter.
1,He is as thin as a rake .,Er ist so dünn wie ein Rechen,Er ist so dünn wie ein Rechen.
1,She always has her head buried in a book.,Sie hat ihren Kopf immer in einem Buch begraben,Sie hat immer ihren Kopf in einem Buch vergraben.
1,Better belly burst than good liquor be lost,Lieber eine Explosion im Magen als der Verlust einer guten Spirituose,Besserer Bauch platzen als gute Alkohol verloren gehen
1,He was boiling over with indignation.,Er kochte über vor Empörung,Er kochte mit Empörung.
1,The heart is enmeshed in brimless sadness.,Das Herz ist in randloser Traurigkeit verstrickt,Das Herz ist in zeitloser Traurigkeit verstrickt.
1,His absence cast a blight over the family.,Seine Abwesendheit wirkte sich negativ auf die Familie aus,Seine Abwesenheit warf die Familie ein.
1,That Sunday is a figment of the world's imagination.,Dieser Sonntag ist ein Produkt der weltlichen Phantasie,Dieser Sonntag ist eine Erfindung der Vorstellungskraft der Welt.